action_id,interaction_count,acceptance_rate,avg_reward,reward_std,min_reward,max_reward,avg_roi_proxy,avg_outcome,avg_context_fit,recommendation,category
A01,6384,0.6848370927318296,0.6658638784461153,0.2883765795872687,0.105,1.0,0.6219475250626566,0.6261983082706767,0.7116541353383459,Adopt digital payments,Digital
A02,6384,0.880795739348371,0.8775173872180451,0.13809519297702588,0.165,1.0,0.8058925438596491,0.8163623120300753,0.9717418546365916,Improve online and customer reach,Digital/Marketing
A03,6384,0.8284774436090225,0.8249149436090225,0.20396200830689842,0.13,1.0,0.7615828634085212,0.7717543859649123,0.9067669172932331,Explore appropriate business finance,Finance
A04,6384,0.5982142857142857,0.5649342105263158,0.24396927492554368,0.105,0.955,0.5340012531328321,0.5357636278195489,0.581829573934837,Improve cash-flow and credit management,Finance
A05,6384,0.7152255639097744,0.7070831766917294,0.2650433273082847,0.12,1.0,0.6592684837092733,0.6651290726817043,0.7661654135338346,Strengthen management practices,Management
A06,6384,0.7268170426065163,0.7098240914786967,0.28919132915048573,0.09,1.0,0.6577764724310777,0.6648452380952381,0.7666666666666666,Prepare regular profit and loss records,Management
A07,6384,0.6176378446115288,0.590701754385965,0.24203471205452246,0.105,0.955,0.5586768483709273,0.5593165726817043,0.6156641604010025,Improve business infrastructure,Infrastructure
A08,6384,0.6754385964912281,0.6591163847117795,0.20470348690412302,0.135,0.955,0.6223695175438596,0.622876096491228,0.700125313283208,Diversify products or services,Growth
A09,6384,0.8377192982456141,0.8370487155388471,0.147106907003975,0.123,0.985,0.7753972431077695,0.7826279761904761,0.9217418546365914,Expand customer reach through targeted marketing,Growth/Marketing
A10,6384,0.450031328320802,0.40761481829573937,0.2292768890992072,0.09,0.985,0.3950134711779449,0.3925070488721804,0.39367167919799495,Reinvest profits for controlled business growth,Growth
