business_id,city,country,sector,female_majority_owned,migrant_owner,previously_unemployed_owner,primary_income_earner,owner_has_contract_job,household_size_proxy,employee_count,bank_account,has_loan,friends_family_finance,sells_on_credit,buys_on_credit,mobile_money,computer_or_tablet,electricity,digital_adoption_score,profit_last_month,household_based_business,non_fixed_premises,pl_statement,management_score_proxy,monthly_revenue_proxy_inr,monthly_profit_proxy_inr,finance_constraint,customer_reach_constraint,management_constraint
V2V0001,Hyderabad,India,Other Services,0,1,0,1,0,4.1,2,1,0,0,1,1,1,0,0,0.5,1,0,0,1,41.8,52962.15,12198.63,1,1,0
V2V0003,Hyderabad,India,Retail,0,0,0,1,0,3,1,1,0,1,0,0,1,1,1,1,1,0,0,1,61.8,72080.45,36349.05,0,0,0
V2V0004,Hyderabad,India,Manufacturing,0,0,0,1,0,3.1,2,1,1,1,0,0,1,1,1,1,1,0,0,0,61.4,40011.08,17449.21,0,0,0
V2V0005,Hyderabad,India,Manufacturing,0,0,0,1,0,2.8,2,0,0,0,1,0,1,1,1,1,0,0,0,1,69.7,63358,3160.43,1,0,0
V2V0006,Hyderabad,India,Manufacturing,0,1,0,0,0,4.1,1,1,0,0,0,0,1,0,0,0.5,0,0,0,0,73,86450.06,11027.78,1,1,0
V2V0007,Hyderabad,India,Other Services,0,0,0,0,0,4,2,0,1,0,0,0,1,1,1,1,1,1,0,1,62.7,120743.41,53566.85,1,0,0
V2V0008,Hyderabad,India,Retail,0,0,0,1,0,3.5,2,1,0,0,1,0,0,1,1,0.5,1,0,0,1,71.3,118637.2,39255.14,0,1,0
V2V0009,Hyderabad,India,Other Services,1,1,0,1,1,3.6,2,1,0,0,1,0,1,0,1,0.7,1,0,0,1,50,81495.86,36064.4,0,1,0
V2V0010,Hyderabad,India,Manufacturing,0,0,0,1,0,3.7,2,0,1,0,0,0,1,1,1,1,1,0,0,1,51.1,74299.8,7041.24,1,0,0
V2V0011,Hyderabad,India,Manufacturing,0,0,0,1,0,3.6,1,1,0,1,0,0,1,0,0,0.5,1,0,0,1,46.2,81254.5,35198.05,1,1,0
V2V0012,Hyderabad,India,Retail,1,1,0,1,1,2.7,1,1,0,0,0,1,1,0,1,0.7,0,0,0,1,55.2,67600.18,16677,1,1,0
V2V0013,Hyderabad,India,Other Services,0,0,0,1,0,3.1,2,1,1,1,0,0,1,1,0,0.8,0,0,0,1,53,43200.98,342.45,0,0,0
V2V0014,Hyderabad,India,Retail,0,1,0,1,0,2.5,3,1,0,1,0,0,0,1,1,0.5,0,0,0,1,53.4,80427.47,8157.93,1,1,0
V2V0016,Hyderabad,India,Manufacturing,1,0,0,1,0,3.6,2,0,1,0,1,1,1,1,1,1,1,0,1,1,57,47003.22,22030.96,1,0,0
V2V0017,Hyderabad,India,Retail,0,0,0,1,0,5.2,1,0,0,1,0,0,1,1,1,1,0,0,0,0,56.1,48636.59,3215.79,1,0,0
V2V0018,Hyderabad,India,Retail,0,0,0,1,0,3.8,1,1,1,0,1,0,1,0,1,0.7,1,0,0,1,66.9,105031.06,8005.02,0,1,0
V2V0019,Hyderabad,India,Manufacturing,0,0,0,1,0,4.5,3,1,0,0,0,0,0,1,1,0.5,0,0,0,0,49.3,129267.22,9470.52,1,1,0
V2V0021,Hyderabad,India,Other Services,0,0,0,1,0,2.6,1,1,0,0,1,0,1,1,1,1,1,0,0,0,50.5,50568.36,7240.42,1,0,0
V2V0022,Hyderabad,India,Manufacturing,0,0,0,1,0,3.6,3,1,1,0,0,0,1,1,1,1,0,0,0,0,58.6,179891.64,32849.41,0,0,0
V2V0023,Hyderabad,India,Retail,0,0,0,1,0,3.6,1,1,0,0,0,0,1,0,0,0.5,1,0,0,1,80.4,83448.48,46335.9,1,1,0
V2V0024,Hyderabad,India,Retail,0,0,0,1,0,3.4,1,1,0,0,0,0,1,0,1,0.7,1,0,0,1,45.7,100718.54,28329.49,1,1,0
V2V0025,Hyderabad,India,Other Services,0,0,0,1,0,3.5,2,1,0,1,0,0,0,0,1,0.2,0,0,0,1,62.5,129176.94,8733.39,1,1,0
V2V0027,Hyderabad,India,Other Services,0,0,0,1,0,4.3,2,1,0,1,0,0,1,1,1,1,0,0,0,0,45.7,52480.18,908.55,0,0,0
V2V0028,Hyderabad,India,Other Services,0,0,0,1,0,2.1,2,1,0,1,0,1,0,1,0,0.3,0,0,0,1,52.6,289385.35,53941.36,1,1,0
V2V0029,Hyderabad,India,Manufacturing,0,1,0,0,0,3.3,2,1,1,0,1,0,1,0,1,0.7,1,0,0,1,22.3,56718.35,5197.7,0,1,1
V2V0030,Hyderabad,India,Other Services,1,1,0,1,0,3.2,1,0,1,1,0,0,0,0,1,0.2,1,0,0,1,69.6,48603.11,17597.98,1,1,0
V2V0031,Hyderabad,India,Manufacturing,1,0,0,1,0,4,1,1,0,1,1,0,1,0,0,0.5,1,0,0,1,75,140312.49,27947.52,1,1,0
V2V0032,Hyderabad,India,Other Services,0,1,0,1,1,3.3,3,1,0,1,1,0,1,0,1,0.7,0,0,0,1,58.7,66254.02,18749.14,1,1,0
V2V0035,Hyderabad,India,Manufacturing,0,1,0,1,0,3.7,3,1,0,0,1,1,1,1,1,1,1,0,0,1,59,71590.3,19158.95,1,0,0
V2V0036,Hyderabad,India,Retail,0,1,0,1,0,3.2,1,0,1,0,1,0,0,0,1,0.2,1,0,0,1,58.1,51743.73,10823.53,1,1,0
V2V0037,Hyderabad,India,Retail,0,0,0,0,0,3.6,1,1,0,1,0,0,1,1,1,1,0,0,0,1,40.6,142494.53,21121.53,1,0,0
V2V0038,Hyderabad,India,Manufacturing,0,0,0,1,0,2.9,1,0,1,0,1,1,1,0,1,0.7,1,0,0,1,67.3,78420.09,23213.22,1,1,0
V2V0039,Hyderabad,India,Retail,0,0,0,1,0,1.9,1,0,1,0,0,0,1,0,0,0.5,0,0,0,1,48.1,31122.84,4943.72,1,1,0
V2V0040,Hyderabad,India,Manufacturing,0,1,0,1,1,5.1,2,1,1,1,0,1,1,0,1,0.7,1,0,0,1,45,169409.11,34858.91,0,1,0
V2V0041,Hyderabad,India,Retail,0,0,0,1,0,3.3,2,0,0,0,1,0,1,1,1,1,0,0,0,0,71.2,44972.11,11381.27,1,0,0
V2V0042,Hyderabad,India,Manufacturing,0,1,0,1,0,3.7,2,1,0,1,0,0,1,0,1,0.7,0,0,0,1,57,38165.46,338.83,1,1,0
V2V0044,Hyderabad,India,Other Services,0,0,0,0,0,2,2,0,1,1,0,0,0,0,1,0.2,1,0,0,1,66.7,203513.49,33871.22,1,1,0
V2V0045,Hyderabad,India,Manufacturing,0,1,0,1,0,1.8,2,1,1,0,0,1,1,0,1,0.7,0,0,0,0,50.8,35898.29,1000.28,0,1,0
V2V0046,Hyderabad,India,Retail,0,0,0,0,0,4.2,1,0,0,0,0,1,1,0,1,0.7,1,0,0,0,46.9,28105.62,6289.34,1,1,0
V2V0047,Hyderabad,India,Other Services,0,0,0,0,0,2.9,2,1,0,0,1,0,1,1,1,1,1,0,0,1,66.8,178079.96,90072.62,0,0,0
V2V0048,Hyderabad,India,Other Services,0,0,0,1,0,3.7,3,0,1,1,0,1,1,0,1,0.7,1,0,0,1,51.6,73121.23,41957.34,1,1,0
V2V0049,Hyderabad,India,Other Services,1,0,0,0,0,3.9,2,1,0,0,0,0,1,0,0,0.5,1,0,0,1,34.5,77744.91,31855.79,1,1,1
V2V0050,Hyderabad,India,Retail,0,1,0,1,1,4.3,2,1,1,0,0,0,1,0,0,0.5,0,0,0,1,86.1,84757.49,5470.84,0,1,0
V2V0052,Hyderabad,India,Manufacturing,0,0,0,1,1,3.4,2,1,1,0,0,0,1,0,1,0.7,1,0,1,1,82.9,113921.23,32910.1,0,1,0
V2V0053,Hyderabad,India,Manufacturing,0,0,0,1,1,3.4,2,1,1,0,1,0,1,0,1,0.7,0,0,0,1,51,80419.48,8166.87,0,1,0
V2V0055,Hyderabad,India,Retail,0,0,0,1,0,4.3,1,1,0,1,1,0,1,0,1,0.7,1,0,0,0,60.7,96557.04,26293.61,1,1,0
V2V0056,Hyderabad,India,Retail,0,1,0,0,0,3.7,3,1,1,0,0,1,1,0,1,0.7,0,1,0,1,55.5,189520.22,11385.51,0,1,0
V2V0057,Hyderabad,India,Retail,0,1,0,1,0,2.5,1,0,0,1,1,0,1,0,1,0.7,1,0,0,1,69.2,35672.64,12413.31,1,1,0
V2V0060,Hyderabad,India,Other Services,0,0,0,1,0,3.1,1,0,1,0,0,1,1,1,1,1,0,0,0,0,66.6,31990.35,6891.16,1,0,0
V2V0061,Hyderabad,India,Other Services,0,0,0,1,0,3.8,3,1,0,0,0,0,1,0,0,0.5,0,0,0,1,47.3,103474.66,7455.52,0,1,0
V2V0063,Hyderabad,India,Retail,0,0,0,1,0,1.6,2,1,0,0,1,0,1,0,1,0.7,0,0,0,0,45.5,120081.54,16494.77,1,1,0
V2V0065,Hyderabad,India,Retail,0,0,0,1,0,5.3,1,1,0,0,1,1,1,0,1,0.7,1,0,0,0,60.1,61572.68,13926.16,1,1,0
V2V0067,Hyderabad,India,Manufacturing,0,1,0,1,1,4.1,1,0,0,0,0,0,1,0,1,0.7,1,0,1,1,55,118233.25,23803,1,1,0
V2V0068,Hyderabad,India,Retail,0,0,0,1,0,3.6,2,0,0,1,0,0,1,0,0,0.5,0,0,0,1,47.6,49584.97,3024.07,1,1,0
V2V0069,Hyderabad,India,Other Services,0,0,0,1,1,4,1,1,0,1,0,0,0,0,1,0.2,0,0,0,1,47.2,90158.45,15662.88,0,1,0
V2V0070,Hyderabad,India,Retail,0,0,0,1,0,5.1,3,1,0,0,1,1,0,0,1,0.2,0,0,0,0,47.3,55076.77,4326.18,0,1,0
V2V0074,Hyderabad,India,Manufacturing,0,0,0,1,1,3.8,1,1,1,0,1,0,1,0,0,0.5,0,0,0,0,58.7,108714.29,15913.77,0,1,0
V2V0075,Hyderabad,India,Manufacturing,0,0,0,0,1,4.5,2,0,1,1,0,1,1,1,1,1,0,0,0,1,51.5,103664.76,18125.71,1,0,0
V2V0076,Hyderabad,India,Manufacturing,0,0,0,1,1,2.6,2,1,0,0,0,0,1,0,1,0.7,1,0,0,1,24.6,145408.75,49896.67,0,1,1
V2V0077,Hyderabad,India,Retail,0,1,0,1,1,4.2,1,1,1,0,0,0,0,1,1,0.5,0,0,0,1,50.4,77883.39,4117.98,0,1,0
V2V0078,Hyderabad,India,Retail,0,0,1,1,0,2.4,1,1,0,0,0,1,1,0,0,0.5,0,0,0,0,46.1,74372.47,14774.53,1,1,0
V2V0081,Hyderabad,India,Other Services,0,1,0,1,0,4,1,0,0,1,0,1,1,0,1,0.7,1,0,0,1,78.9,54770.07,5740.29,1,1,0
V2V0083,Hyderabad,India,Retail,0,0,0,0,0,3.6,3,0,1,1,0,0,1,1,1,1,1,0,0,0,60.8,78789.11,19411.27,1,0,0
V2V0084,Hyderabad,India,Other Services,0,0,0,0,0,1.3,2,1,0,1,0,0,1,0,1,0.7,0,1,0,1,76.7,39848.23,1595.96,1,1,0
V2V0085,Hyderabad,India,Other Services,0,0,0,1,1,4.4,1,1,1,1,1,0,1,1,1,1,0,0,0,1,86.7,32723.11,4905.96,0,0,0
V2V0086,Hyderabad,India,Retail,0,0,0,1,0,4.3,2,1,0,1,0,0,0,0,1,0.2,0,0,0,1,61.6,95881.83,8007.62,0,1,0
V2V0087,Hyderabad,India,Retail,0,0,0,1,0,2.9,2,1,1,0,1,1,1,0,1,0.7,0,0,0,1,69.6,59152.56,2733.25,0,1,0
V2V0088,Hyderabad,India,Other Services,0,1,0,1,0,1.8,3,1,0,1,1,1,1,0,0,0.5,1,0,0,1,53.6,64286.61,35981.12,1,1,0
V2V0089,Hyderabad,India,Retail,0,0,0,0,1,4.1,2,1,0,0,0,0,1,0,1,0.7,1,0,0,1,46.5,40971.66,12307.55,0,1,0
V2V0090,Hyderabad,India,Manufacturing,0,1,0,1,0,4.5,1,1,1,0,1,1,1,0,0,0.5,1,0,0,0,35.6,42617.32,14017.19,0,1,1
V2V0091,Hyderabad,India,Manufacturing,0,0,0,0,0,3.4,1,1,0,1,0,1,1,0,0,0.5,1,0,0,1,62.9,49721.99,13356.72,1,1,0
V2V0092,Hyderabad,India,Manufacturing,0,0,0,1,1,2.5,2,1,0,1,1,0,1,1,0,0.8,0,0,1,1,61.8,173273.47,25597.02,0,0,0
V2V0093,Hyderabad,India,Retail,0,0,0,1,0,3.1,1,1,0,0,1,0,1,0,1,0.7,0,0,0,1,59,59037.72,4968.42,0,1,0
V2V0094,Hyderabad,India,Retail,0,0,0,1,0,3.3,1,1,1,1,1,0,0,0,1,0.2,1,0,0,1,58.4,47564.57,17435.14,0,1,0
V2V0097,Hyderabad,India,Other Services,0,0,0,1,0,2.6,2,1,1,1,1,0,1,0,1,0.7,0,0,0,0,56.7,92710.78,5594.89,0,1,0
V2V0098,Hyderabad,India,Other Services,0,1,0,1,0,3.2,2,0,0,0,1,1,1,0,0,0.5,0,0,1,0,56.8,63069.95,10507.66,1,1,0
V2V0100,Hyderabad,India,Retail,0,0,0,1,0,3.5,1,1,1,0,0,0,1,0,1,0.7,1,0,0,0,57.2,65187.55,8284.45,0,1,0
V2V0101,Hyderabad,India,Other Services,0,0,0,0,0,2.4,1,1,1,0,0,1,1,0,1,0.7,1,0,0,1,51.3,69380.51,9478.48,0,1,0
V2V0102,Hyderabad,India,Manufacturing,0,0,0,1,1,2.1,1,1,1,1,1,0,1,0,1,0.7,0,0,0,1,49.1,23920.77,1295.96,0,1,0
V2V0104,Hyderabad,India,Manufacturing,0,0,0,1,1,3.1,1,1,1,1,0,0,1,1,1,1,1,0,0,1,61.4,40468.31,16442.35,0,0,0
V2V0105,Hyderabad,India,Manufacturing,0,0,0,1,0,4.4,1,0,1,1,0,1,1,1,1,1,1,0,0,1,59.8,52120.44,17359.14,1,0,0
V2V0106,Hyderabad,India,Retail,0,0,0,1,0,5.1,1,1,0,0,1,1,1,0,0,0.5,0,0,0,1,56.7,54762.7,10367.92,1,1,0
V2V0108,Hyderabad,India,Other Services,0,0,0,1,0,3.9,1,1,0,1,0,1,1,1,1,1,0,0,0,1,67.5,128900.22,15161.72,1,0,0
V2V0110,Hyderabad,India,Retail,0,0,0,1,0,3.2,2,1,0,1,0,0,1,1,1,1,0,0,0,0,60.2,79944.31,11351.64,0,0,0
V2V0111,Hyderabad,India,Other Services,0,1,0,1,0,2.6,2,1,1,0,0,1,1,1,1,1,1,0,0,1,43.4,112847.38,19024.35,0,0,0
V2V0113,Hyderabad,India,Manufacturing,0,1,0,1,0,4,2,0,0,1,0,0,0,0,1,0.2,1,0,0,0,69.5,70294.31,8829.25,1,1,0
V2V0114,Hyderabad,India,Other Services,0,1,0,1,1,4.3,1,1,1,1,0,1,0,1,0,0.3,1,0,0,0,65.5,34749.66,16006.31,0,1,0
V2V0115,Hyderabad,India,Retail,1,0,0,1,0,3.1,2,0,1,0,0,0,1,0,1,0.7,1,0,1,0,54.5,23585.04,1317.22,1,1,0
V2V0116,Hyderabad,India,Other Services,1,1,0,1,1,3.6,2,0,0,1,0,1,1,0,1,0.7,1,0,0,0,70.1,163191.07,15090.27,1,1,0
V2V0117,Hyderabad,India,Other Services,0,0,0,1,0,2.5,1,1,0,1,0,0,1,0,1,0.7,0,0,0,0,55.3,45036.18,2574.22,1,1,0
V2V0118,Hyderabad,India,Retail,1,1,0,1,0,3.5,1,1,0,0,0,0,1,0,1,0.7,0,0,0,1,51.8,67892.1,9860.78,0,1,0
V2V0119,Hyderabad,India,Retail,0,0,0,0,0,2,1,1,0,1,0,1,1,1,1,1,0,0,0,1,82.8,25564.26,562.97,1,0,0
V2V0120,Hyderabad,India,Retail,0,0,0,1,0,2.6,2,1,0,1,0,0,1,1,1,1,1,0,0,0,68.8,140460.09,34415.15,1,0,0
V2V0122,Hyderabad,India,Other Services,0,1,1,0,0,4.3,3,1,1,1,0,0,1,0,1,0.7,0,0,0,0,73.2,145898.9,24036.56,0,1,0
V2V0124,Hyderabad,India,Other Services,0,0,0,1,0,3,1,1,0,0,0,1,1,0,1,0.7,1,0,0,1,48,35004.78,5359.89,1,1,0
V2V0125,Hyderabad,India,Other Services,0,0,0,1,0,3.2,1,1,1,0,1,0,0,0,1,0.2,1,0,0,1,63.6,81484.33,13695.71,0,1,0
V2V0126,Jaipur,India,Retail,0,0,0,1,0,4.9,2,0,0,0,0,0,0,0,1,0.2,0,0,0,0,45.9,192680.09,83890.11,1,1,0
V2V0127,Jaipur,India,Other Services,0,0,1,1,0,5.2,1,1,0,0,0,0,1,0,0,0.5,1,0,0,0,51.6,26118.55,8897.39,1,1,0
V2V0128,Jaipur,India,Manufacturing,0,1,1,1,0,5.8,2,0,0,0,0,0,0,0,1,0.2,0,0,0,1,12.4,60045.32,12236.82,1,1,1
V2V0129,Jaipur,India,Retail,0,0,0,1,0,4.8,2,0,0,0,0,0,1,0,0,0.5,1,0,0,0,34.1,63460.34,13668.69,1,1,1
V2V0131,Jaipur,India,Manufacturing,0,0,0,1,0,5.1,1,0,0,0,0,0,0,0,0,0,0,0,0,0,31.4,86099,6639.06,1,1,1
V2V0132,Jaipur,India,Retail,1,0,0,0,0,5.5,1,0,0,0,1,1,1,0,0,0.5,0,0,0,0,29.4,35304.97,1003.47,1,1,1
V2V0133,Jaipur,India,Other Services,0,0,1,0,0,3.8,1,1,0,0,1,0,0,0,1,0.2,0,0,0,0,33.9,27866.86,725.51,1,1,1
V2V0134,Jaipur,India,Manufacturing,1,0,0,0,1,4.4,1,1,0,0,0,0,1,0,1,0.7,0,0,0,0,33.7,66753.38,16820.04,1,1,1
V2V0135,Jaipur,India,Other Services,0,0,0,0,0,4.4,1,0,0,0,0,1,0,0,1,0.2,1,1,0,0,25.4,18530.62,1759.38,1,1,1
V2V0137,Jaipur,India,Manufacturing,0,0,0,0,0,4,2,0,0,0,0,0,0,0,1,0.2,0,1,0,0,37.8,68215.92,2070.85,1,1,1
V2V0138,Jaipur,India,Retail,1,1,1,1,0,4.3,1,0,0,0,0,1,1,0,1,0.7,1,0,0,0,35.4,69062.72,33100.99,1,1,1
V2V0139,Jaipur,India,Retail,0,0,0,1,0,3.7,1,0,0,0,0,0,0,1,1,0.5,0,0,0,0,33.9,14396.76,3583.14,1,1,1
V2V0140,Jaipur,India,Manufacturing,0,1,1,1,0,5.1,2,0,0,0,0,0,0,0,1,0.2,0,0,0,1,34.2,70526.54,2354.19,1,1,1
V2V0141,Jaipur,India,Retail,0,0,0,1,0,4.9,2,0,0,0,0,0,1,0,1,0.7,0,0,1,1,7.5,83012.02,15644.27,1,1,1
V2V0142,Jaipur,India,Retail,0,0,0,1,0,6.4,3,1,0,0,0,1,0,0,1,0.2,0,0,0,1,10.5,110934.53,15905.36,0,1,1
V2V0144,Jaipur,India,Retail,0,0,1,0,0,4.9,1,0,0,0,1,0,1,0,1,0.7,0,0,0,0,19.1,93455.37,8974.23,1,1,1
V2V0145,Jaipur,India,Retail,0,0,1,1,0,5.5,2,0,0,0,0,0,1,0,1,0.7,1,0,0,1,21,55880.39,9603.34,1,1,1
V2V0147,Jaipur,India,Retail,0,0,0,0,0,4,1,1,0,0,0,0,1,0,1,0.7,0,0,0,1,19.4,32428.34,5600.9,1,1,1
V2V0149,Jaipur,India,Retail,0,0,0,1,0,3.7,1,1,0,0,0,0,0,0,1,0.2,0,0,0,0,30.7,59165.1,7651.28,1,1,1
V2V0150,Jaipur,India,Manufacturing,0,0,0,1,0,5.7,2,0,0,0,1,0,0,0,0,0,0,0,0,0,16.2,141220.78,16247.68,1,1,1
V2V0152,Jaipur,India,Retail,0,0,0,0,0,4.2,2,0,0,0,0,1,0,0,1,0.2,0,0,0,0,7.3,92040.27,3059.52,1,1,1
V2V0153,Jaipur,India,Retail,0,0,0,1,1,5.1,2,1,0,0,0,0,0,0,1,0.2,1,0,0,0,7,75555.41,5208.96,1,1,1
V2V0154,Jaipur,India,Retail,0,1,0,1,1,4.6,2,0,0,0,0,0,0,0,0,0,0,0,0,0,35.1,56622.72,1993.26,1,1,1
V2V0155,Jaipur,India,Other Services,0,0,1,1,0,4.6,2,0,0,0,0,1,0,0,0,0,0,0,1,1,31.6,125002.51,16335.66,1,1,1
V2V0156,Jaipur,India,Retail,1,0,0,1,0,5.9,1,0,0,0,0,0,0,0,1,0.2,1,0,0,0,41.6,37586.27,15177.63,1,1,0
V2V0157,Jaipur,India,Retail,0,0,0,1,0,5,1,1,0,0,1,0,0,0,0,0,0,1,0,0,18.8,83631.82,7721.18,1,1,1
V2V0158,Jaipur,India,Retail,0,0,1,1,0,4.8,1,0,0,0,0,1,0,0,1,0.2,1,0,1,0,46.8,78978.58,14525.69,1,1,0
V2V0160,Jaipur,India,Retail,0,0,0,0,0,3.9,2,1,0,0,1,0,0,0,0,0,0,0,0,0,22.5,101858.13,2656.91,1,1,1
V2V0161,Jaipur,India,Manufacturing,0,1,0,1,0,3.9,1,1,0,0,0,0,0,0,1,0.2,0,0,0,0,46.9,191947.27,19538.87,0,1,0
V2V0162,Jaipur,India,Retail,0,0,1,1,0,5.8,1,0,0,0,0,0,1,0,1,0.7,0,0,0,0,32.3,26451.31,502.52,1,1,1
V2V0163,Jaipur,India,Retail,0,0,0,1,0,4.5,1,0,0,0,1,0,0,0,1,0.2,0,0,0,1,28.6,93467.44,3144.75,1,1,1
V2V0164,Jaipur,India,Retail,0,0,0,1,0,5.2,2,0,0,0,0,0,1,0,1,0.7,0,0,0,1,22.9,55792.34,5924.78,1,1,1
V2V0165,Jaipur,India,Manufacturing,0,1,0,1,0,3.6,1,1,0,0,0,1,1,0,0,0.5,1,1,0,0,39.9,88412.41,33287.68,0,1,1
V2V0166,Jaipur,India,Other Services,0,0,0,1,0,5.4,3,1,0,0,0,1,1,0,0,0.5,0,0,1,0,22.9,47185.63,6156.81,1,1,1
V2V0167,Jaipur,India,Other Services,0,0,0,1,0,5.1,1,0,0,1,0,0,0,0,1,0.2,1,0,0,1,11.3,42017.15,6455.29,1,1,1
V2V0168,Jaipur,India,Retail,0,0,0,0,0,4.9,3,1,0,0,0,0,1,0,1,0.7,0,0,0,0,9.9,39299.63,1115.58,0,1,1
V2V0169,Jaipur,India,Retail,0,0,0,0,0,5.7,1,1,0,1,0,0,1,0,1,0.7,0,0,0,0,32.7,57393.21,13869.92,0,1,1
V2V0170,Jaipur,India,Other Services,1,0,0,1,0,4.6,1,1,0,0,0,0,0,0,0,0,1,0,0,0,49.1,26703.62,10586.72,0,1,0
V2V0171,Jaipur,India,Other Services,0,0,0,1,0,5.4,2,0,0,0,1,0,0,0,0,0,0,0,0,0,21.6,211040.03,16907.26,1,1,1
V2V0172,Jaipur,India,Retail,0,0,0,0,0,3.9,2,1,0,0,0,1,1,1,0,0.8,1,0,0,0,10.4,51453.06,14887.11,1,0,1
V2V0174,Jaipur,India,Retail,0,0,1,1,0,4.9,1,0,0,1,1,0,0,0,0,0,1,0,0,0,29.8,41062.61,10948.01,1,1,1
V2V0175,Jaipur,India,Other Services,0,0,0,1,0,4,1,1,0,0,0,0,0,0,0,0,0,0,0,0,7.9,18929.44,2461.5,1,1,1
V2V0176,Jaipur,India,Retail,0,0,0,1,1,4.9,2,0,0,1,0,0,0,1,1,0.5,0,1,0,1,11.4,96323.14,9150.9,1,1,1
V2V0177,Jaipur,India,Manufacturing,0,0,0,0,1,4.6,2,0,0,0,0,0,0,0,1,0.2,0,0,0,1,9,105339.77,8805.8,1,1,1
V2V0179,Jaipur,India,Other Services,0,0,0,1,0,4.4,1,1,0,1,1,0,0,0,1,0.2,0,0,0,1,17.7,49374.67,827.23,1,1,1
V2V0180,Jaipur,India,Retail,0,0,0,1,0,4.7,1,0,0,0,0,1,0,0,1,0.2,0,0,0,0,38.5,86792.82,23469.15,1,1,1
V2V0181,Jaipur,India,Manufacturing,0,0,1,0,0,3.7,1,0,0,0,1,0,1,0,0,0.5,0,0,0,0,31.7,86144.75,15120.41,1,1,1
V2V0182,Jaipur,India,Other Services,1,0,0,0,0,5.5,1,0,0,0,1,1,1,0,1,0.7,0,0,0,0,28.1,23721.07,8204.83,1,1,1
V2V0183,Jaipur,India,Manufacturing,0,0,1,0,0,4.6,1,0,0,0,0,0,0,0,1,0.2,0,1,0,0,39.2,30142.05,3994.53,1,1,1
V2V0184,Jaipur,India,Retail,0,0,0,0,0,4.7,1,0,1,1,0,1,0,1,0,0.3,0,0,0,0,51.3,18594.92,1669.29,1,1,0
V2V0185,Jaipur,India,Manufacturing,0,0,0,1,1,3.7,2,0,0,1,0,0,1,0,1,0.7,1,0,0,1,8.9,79668.02,16610.24,1,1,1
V2V0186,Jaipur,India,Other Services,0,1,0,1,0,3.8,1,1,0,1,0,1,0,0,0,0,1,0,0,0,40.1,26971.69,12193.99,1,1,0
V2V0187,Jaipur,India,Other Services,0,0,0,1,0,5.6,1,0,0,0,0,1,0,0,0,0,1,1,0,0,11.5,119501.45,16695.83,1,1,1
V2V0189,Jaipur,India,Retail,0,0,0,0,1,5,1,1,0,1,0,0,1,0,0,0.5,1,0,0,1,28.3,35970.93,2822.18,1,1,1
V2V0190,Jaipur,India,Other Services,1,1,0,1,0,4.9,2,1,0,1,1,1,0,0,0,0,1,0,0,0,34.6,51173.08,15025.11,1,1,1
V2V0192,Jaipur,India,Other Services,0,0,0,1,0,4.9,1,0,0,0,0,1,1,0,0,0.5,0,0,0,0,15.8,87465.93,17406.89,1,1,1
V2V0193,Jaipur,India,Manufacturing,0,0,0,1,0,4.1,1,0,0,0,0,0,1,0,1,0.7,1,0,0,1,32.8,26274.56,1147.03,1,1,1
V2V0194,Jaipur,India,Other Services,0,0,0,0,0,4.6,1,1,0,0,1,1,0,0,1,0.2,1,0,0,0,26.9,44331.62,8140.87,1,1,1
V2V0196,Jaipur,India,Manufacturing,0,0,0,0,0,4.9,1,0,0,0,0,0,1,0,0,0.5,1,1,0,0,0.9,38657.17,4958.7,1,1,1
V2V0199,Jaipur,India,Other Services,0,0,0,1,0,3.8,3,1,0,0,0,0,0,0,1,0.2,1,0,0,0,56.4,96657.07,33363.42,0,1,0
V2V0200,Jaipur,India,Other Services,1,0,0,1,0,3.8,1,1,0,0,0,0,0,0,1,0.2,0,1,0,0,19.6,44522.59,2822,0,1,1
V2V0202,Jaipur,India,Retail,0,0,0,1,0,3.5,2,0,0,0,0,0,0,0,1,0.2,0,0,0,0,28.7,83657.92,2959.57,1,1,1
V2V0203,Jaipur,India,Retail,0,0,0,0,0,3.9,1,0,0,0,1,0,0,0,1,0.2,0,0,0,1,19.3,57650.78,5016.99,1,1,1
V2V0204,Jaipur,India,Other Services,0,0,1,1,0,5.3,1,0,0,0,0,1,0,0,0,0,0,0,0,0,32.8,68376.5,12623.03,1,1,1
V2V0205,Jaipur,India,Manufacturing,0,0,0,1,0,4.3,1,1,0,0,1,0,1,0,0,0.5,0,0,0,0,26,53967.13,1168.98,1,1,1
V2V0206,Jaipur,India,Manufacturing,0,0,0,1,0,5.2,1,0,0,1,0,0,1,0,0,0.5,0,0,0,0,14,31273.16,10687.75,1,1,1
V2V0207,Jaipur,India,Other Services,0,0,0,0,0,3.3,1,0,0,0,0,0,1,0,1,0.7,1,1,0,0,38.7,29972.4,12771.03,1,1,1
V2V0208,Jaipur,India,Retail,0,0,0,1,1,5,3,1,0,0,0,0,1,0,0,0.5,0,0,0,1,39.5,52700.74,15411.45,0,1,1
V2V0209,Jaipur,India,Retail,0,0,0,1,0,4.5,1,1,0,0,0,1,0,0,0,0,1,0,0,0,37,47645.7,7115.63,0,1,1
V2V0210,Jaipur,India,Other Services,1,0,0,1,0,5.1,2,1,0,1,0,1,0,0,0,0,1,0,0,0,46.1,85315.94,12034.67,0,1,0
V2V0213,Jaipur,India,Retail,0,0,0,1,0,5.3,1,0,0,0,1,1,0,0,1,0.2,0,0,0,0,11,62149.33,5625.3,1,1,1
V2V0214,Jaipur,India,Other Services,0,0,0,1,1,4.5,2,1,0,0,0,0,0,0,0,0,1,0,0,1,5.7,27692.96,7529,0,1,1
V2V0215,Jaipur,India,Manufacturing,0,0,1,0,0,4.8,1,0,0,0,0,0,0,0,0,0,0,0,0,0,19.6,72283.95,7462.36,1,1,1
V2V0216,Jaipur,India,Retail,0,0,1,1,0,5.4,1,0,0,0,0,1,1,0,0,0.5,1,0,0,1,44.7,47081.3,13767.39,1,1,0
V2V0217,Jaipur,India,Manufacturing,0,0,0,0,0,7.1,1,0,0,0,0,0,1,0,1,0.7,0,1,0,0,10.2,85117.78,10802.68,1,1,1
V2V0218,Jaipur,India,Other Services,1,0,0,1,0,5.5,1,1,0,0,0,0,0,1,0,0.3,0,0,0,1,26,19823.2,4557.44,0,1,1
V2V0219,Jaipur,India,Retail,0,0,0,0,0,3.7,2,0,1,0,0,0,0,0,1,0.2,0,1,0,1,29.1,76925.55,18204.76,1,1,1
V2V0220,Jaipur,India,Retail,0,0,0,1,0,4.3,1,0,0,0,0,0,0,0,1,0.2,0,0,1,0,13.6,47698.07,4142.7,1,1,1
V2V0221,Jaipur,India,Other Services,0,0,1,1,0,5.1,1,0,0,0,0,0,0,0,0,0,0,0,0,0,21.8,36035.91,6899.48,1,1,1
V2V0223,Jaipur,India,Other Services,0,0,1,1,0,5.6,2,1,0,0,0,1,1,0,0,0.5,0,0,0,0,35.9,166635.72,460.56,0,1,1
V2V0224,Jaipur,India,Retail,0,0,0,1,0,4.4,3,0,0,1,0,0,0,1,0,0.3,0,0,0,0,13.2,123675.83,16282.36,1,1,1
V2V0225,Jaipur,India,Manufacturing,0,0,1,1,0,5.2,2,0,0,0,0,0,0,0,1,0.2,0,1,0,1,25.3,112348.82,17720.93,1,1,1
V2V0227,Jaipur,India,Manufacturing,0,0,0,1,0,5.1,1,0,0,1,0,0,1,0,0,0.5,0,0,0,1,32,75434.04,3821.5,1,1,1
V2V0228,Jaipur,India,Other Services,0,0,0,1,0,5.2,2,0,0,0,0,1,1,0,0,0.5,0,1,0,0,12.5,61635.04,5588.15,1,1,1
V2V0229,Jaipur,India,Manufacturing,0,0,1,0,1,4.5,3,0,0,0,0,0,0,0,1,0.2,1,0,1,0,37.1,151798.5,20517.42,1,1,1
V2V0231,Jaipur,India,Retail,0,0,1,0,0,3.9,1,1,0,0,1,1,1,0,1,0.7,0,1,0,0,33.8,62814.6,5001.17,0,1,1
V2V0232,Jaipur,India,Retail,0,0,0,1,0,4.3,1,0,0,0,1,0,0,0,1,0.2,0,0,0,0,46,32061.97,2214.07,1,1,0
V2V0233,Jaipur,India,Retail,1,0,1,1,0,6,1,1,0,0,0,0,1,0,1,0.7,0,0,0,0,27.6,76443.76,924.03,0,1,1
V2V0234,Jaipur,India,Retail,0,0,1,1,0,4.6,1,0,0,0,0,0,1,1,1,1,0,0,0,1,25.6,58745.51,3541.17,1,0,1
V2V0236,Jaipur,India,Retail,0,0,1,1,0,3.6,1,0,0,1,1,0,1,0,0,0.5,0,0,0,1,26.1,82609.13,899.38,1,1,1
V2V0237,Jaipur,India,Retail,0,0,0,1,0,4.1,2,1,0,0,0,1,1,0,0,0.5,0,0,0,1,16.1,60345.58,2316.38,0,1,1
V2V0238,Jaipur,India,Retail,0,1,1,1,0,5.3,2,0,0,0,0,0,0,0,1,0.2,0,0,0,0,7.2,44870.58,9462.62,1,1,1
V2V0239,Jaipur,India,Manufacturing,0,0,0,1,0,5.2,2,0,0,0,0,0,1,0,1,0.7,1,0,1,0,9.1,28849.93,8991.19,1,1,1
V2V0241,Jaipur,India,Manufacturing,1,0,0,0,0,4.6,2,0,0,0,0,0,1,0,0,0.5,1,0,0,0,25,30270.85,6866.42,1,1,1
V2V0242,Jaipur,India,Other Services,1,0,0,1,0,5.1,1,0,0,0,1,0,0,0,1,0.2,0,1,0,0,42.8,44888.51,988.1,1,1,0
V2V0243,Jaipur,India,Retail,0,0,0,0,0,4.3,2,0,0,1,0,1,0,0,0,0,1,0,1,0,0,26354.17,5061.88,1,1,1
V2V0244,Jaipur,India,Other Services,0,0,0,1,0,6.1,1,0,0,0,0,0,0,0,1,0.2,0,0,0,0,47.5,14298.77,507.39,1,1,0
V2V0245,Jaipur,India,Manufacturing,0,0,1,1,0,4.4,1,0,0,1,0,0,0,0,0,0,1,0,0,0,16.6,156276.39,70921.58,1,1,1
V2V0246,Jaipur,India,Other Services,1,0,0,0,0,4.8,2,1,0,0,0,0,0,0,1,0.2,1,0,0,0,19.1,27203.74,6107.05,0,1,1
V2V0248,Jaipur,India,Other Services,0,0,0,1,0,6.2,1,0,0,0,1,1,0,0,0,0,1,0,0,1,19.1,102274.97,25509.77,1,1,1
V2V0250,Jaipur,India,Manufacturing,0,0,1,1,0,4.7,1,0,0,0,0,0,0,0,1,0.2,1,0,0,0,46.9,56756.53,29692.52,1,1,0
V2V0251,Kochi,India,Retail,0,0,0,0,0,3,2,0,0,1,0,0,0,0,1,0.2,1,0,0,1,29.4,24097.37,11700.19,1,1,1
V2V0252,Kochi,India,Retail,0,0,0,1,1,4.2,1,0,1,0,0,0,0,0,0,0,0,0,0,0,41.6,135255.42,6092.13,1,1,0
V2V0253,Kochi,India,Other Services,0,0,1,1,1,3.9,2,0,0,0,0,0,1,0,0,0.5,0,0,0,1,28.4,54496.88,5187.58,1,1,1
V2V0254,Kochi,India,Other Services,1,0,0,0,0,3.7,2,1,0,1,0,1,0,0,1,0.2,0,0,0,1,40.6,105692.96,23595.7,1,1,0
V2V0256,Kochi,India,Other Services,0,0,0,1,1,5.1,1,1,0,1,0,0,0,0,1,0.2,0,1,1,0,40.6,166723.3,11426.52,1,1,0
V2V0258,Kochi,India,Other Services,0,0,0,1,0,4.4,1,0,0,1,0,1,0,1,1,0.5,1,0,0,0,33.9,50826.52,19586.75,1,1,1
V2V0259,Kochi,India,Other Services,1,0,0,1,0,2.8,2,0,1,0,1,0,0,0,1,0.2,0,0,0,1,28.7,109410.74,19989.09,1,1,1
V2V0260,Kochi,India,Manufacturing,0,0,0,0,0,3.4,1,1,0,0,1,0,1,1,1,1,1,0,0,0,30.3,80515.32,21898.47,0,0,1
V2V0261,Kochi,India,Retail,0,0,0,1,0,4,2,0,1,1,0,1,1,0,1,0.7,0,0,0,1,34.4,77926.53,12716.68,1,1,1
V2V0262,Kochi,India,Other Services,0,0,0,1,0,3.7,2,0,0,1,1,0,1,0,1,0.7,0,1,0,0,30.3,35547.31,2731.52,1,1,1
V2V0264,Kochi,India,Manufacturing,1,0,0,0,0,3.4,1,1,0,1,0,0,1,0,1,0.7,0,0,0,0,36.7,42911.42,7775.47,1,1,1
V2V0265,Kochi,India,Retail,0,0,0,1,0,3.3,2,0,0,1,1,0,0,0,0,0,1,1,0,0,34.5,32725.14,13313.37,1,1,1
V2V0266,Kochi,India,Retail,1,0,0,1,0,4.1,1,1,1,1,0,0,1,0,0,0.5,0,1,0,0,24.3,87231.87,5765.14,0,1,1
V2V0269,Kochi,India,Retail,0,0,0,1,0,4.4,3,1,0,1,0,0,1,0,0,0.5,0,0,0,0,14.1,123482.77,9981.93,1,1,1
V2V0270,Kochi,India,Other Services,0,0,1,1,1,3.4,3,0,1,0,1,0,0,0,1,0.2,1,0,0,0,53.4,64891.31,14278.16,1,1,0
V2V0271,Kochi,India,Retail,1,0,0,1,1,4,1,0,0,1,0,1,0,0,0,0,0,0,0,1,33.3,51209.08,6263.73,1,1,1
V2V0272,Kochi,India,Other Services,0,0,0,0,0,3.6,1,1,0,0,0,0,0,0,1,0.2,0,0,0,0,45.5,35880.57,6749.37,1,1,0
V2V0273,Kochi,India,Retail,0,0,1,1,0,4,2,0,1,0,0,1,0,1,1,0.5,0,0,0,0,8.2,82737.41,6802.97,1,1,1
V2V0274,Kochi,India,Other Services,0,0,0,0,0,2.6,1,0,1,1,1,0,1,1,1,1,1,0,0,0,39.1,56734.17,15212.92,1,0,1
V2V0275,Kochi,India,Other Services,0,0,0,1,0,3,3,1,0,1,0,1,1,1,1,1,1,0,0,0,41.6,102469.59,27202.74,1,0,0
V2V0276,Kochi,India,Retail,0,0,0,0,0,3.1,1,0,0,1,0,0,1,0,0,0.5,0,0,0,0,36.5,48419.19,10110.08,1,1,1
V2V0277,Kochi,India,Other Services,0,0,1,0,0,2.6,1,0,0,1,0,0,0,0,0,0,0,0,0,0,21.2,65297.47,5384.53,1,1,1
V2V0279,Kochi,India,Retail,0,0,0,1,0,2.5,2,0,0,0,1,0,0,0,1,0.2,0,1,0,1,16.2,53296.28,2550.76,1,1,1
V2V0280,Kochi,India,Manufacturing,0,0,0,0,0,3.4,2,1,0,1,0,1,1,0,1,0.7,1,0,0,0,47.9,40746.41,6304.19,1,1,0
V2V0281,Kochi,India,Retail,1,0,0,1,0,3.5,2,0,0,1,0,0,1,0,0,0.5,1,1,0,0,32.2,82836.58,39997.26,1,1,1
V2V0282,Kochi,India,Retail,0,0,0,1,0,2.7,3,0,0,0,0,0,0,0,1,0.2,0,0,0,1,29.8,50042.84,8337.43,1,1,1
V2V0285,Kochi,India,Retail,0,0,0,1,1,4.2,1,0,1,1,0,0,1,0,0,0.5,0,0,0,0,31.1,31539.1,7093.94,1,1,1
V2V0288,Kochi,India,Manufacturing,1,1,0,1,0,4.4,2,0,0,1,0,0,1,0,1,0.7,0,0,1,0,36.1,141313.35,39550.67,1,1,1
V2V0289,Kochi,India,Manufacturing,0,0,0,0,0,3.4,2,0,0,0,1,1,0,0,1,0.2,0,0,0,0,48.3,214534.02,6035.8,1,1,0
V2V0290,Kochi,India,Manufacturing,1,0,0,0,0,2.2,3,1,1,1,0,1,0,0,0,0,0,0,0,0,44.9,139240.64,27875.13,0,1,0
V2V0291,Kochi,India,Other Services,1,0,0,1,1,4.3,2,0,0,0,1,1,1,0,0,0.5,0,0,0,0,27,50865.76,258.7,1,1,1
V2V0292,Kochi,India,Other Services,1,0,0,1,0,3,2,1,0,1,1,1,1,0,0,0.5,0,0,0,1,39.1,91053.82,22202.04,1,1,1
V2V0293,Kochi,India,Manufacturing,0,0,0,0,0,3.1,2,0,0,0,1,0,0,0,0,0,0,0,0,0,35.9,93024.77,3048.91,1,1,1
V2V0294,Kochi,India,Retail,0,0,0,1,0,2.1,2,0,0,0,1,1,0,0,1,0.2,0,0,0,0,17.6,42654.38,3086.12,1,1,1
V2V0295,Kochi,India,Other Services,0,0,0,1,1,4.6,1,1,0,0,1,1,0,0,1,0.2,0,0,0,0,10.1,57014.97,7619.26,1,1,1
V2V0297,Kochi,India,Retail,0,0,0,1,1,3.7,2,0,0,0,0,0,0,1,1,0.5,1,0,0,1,17.2,76628.54,20682.3,1,1,1
V2V0298,Kochi,India,Retail,0,1,0,1,0,5.3,2,0,0,0,0,0,0,0,0,0,0,0,0,0,31.9,108474.34,10200.74,1,1,1
V2V0300,Kochi,India,Other Services,0,0,0,0,0,3.2,1,0,0,1,0,0,0,0,0,0,1,0,0,0,5.7,101798.44,28777.89,1,1,1
V2V0302,Kochi,India,Retail,0,0,0,1,0,3.4,2,0,0,0,0,0,0,0,1,0.2,0,0,0,0,52.5,47750.5,5342.01,1,1,0
V2V0303,Kochi,India,Manufacturing,0,0,0,1,0,5.4,3,0,0,1,1,0,1,0,1,0.7,1,0,0,0,30.8,182971.31,27092.91,1,1,1
V2V0304,Kochi,India,Retail,0,0,0,1,0,4.4,3,1,0,0,0,0,0,1,1,0.5,1,0,0,0,38.7,70802.14,30505.82,1,1,1
V2V0305,Kochi,India,Other Services,0,0,0,1,0,3.7,2,0,0,0,0,0,0,0,0,0,0,0,0,0,41.5,52355.1,4182.73,1,1,0
V2V0306,Kochi,India,Other Services,1,0,0,0,1,3.1,2,1,1,0,1,0,0,0,1,0.2,0,0,0,1,19.2,87009.27,1615.24,0,1,1
V2V0307,Kochi,India,Retail,0,0,0,0,1,3.2,1,1,1,0,1,1,1,0,1,0.7,1,0,0,0,39.3,29810.59,13162.55,0,1,1
V2V0308,Kochi,India,Retail,0,0,0,1,0,4.6,2,0,1,0,0,0,1,0,0,0.5,1,0,0,1,19.8,56136.49,14011.29,1,1,1
V2V0309,Kochi,India,Retail,0,0,0,0,1,4.3,2,0,1,0,0,0,0,1,1,0.5,1,1,0,1,39.4,105258.2,45179.19,1,1,1
V2V0310,Kochi,India,Retail,0,0,0,0,0,4.6,1,0,0,0,1,0,1,0,1,0.7,0,0,0,1,16.6,64903.29,3429.58,1,1,1
V2V0312,Kochi,India,Retail,0,1,0,0,0,3.9,2,1,0,0,1,1,1,0,1,0.7,0,0,0,0,26.4,26634.38,1178.82,1,1,1
V2V0313,Kochi,India,Retail,0,0,1,1,0,2.5,3,0,0,1,0,1,0,0,1,0.2,0,0,0,0,16.8,52150.88,3992.31,1,1,1
V2V0316,Kochi,India,Other Services,0,0,0,1,0,5,1,1,0,1,0,1,1,0,0,0.5,0,1,0,1,38.5,78639.75,18549.22,0,1,1
V2V0317,Kochi,India,Retail,0,0,0,1,0,2.2,1,0,0,0,1,0,0,0,0,0,0,0,0,1,40.7,47754.67,1662.55,1,1,0
V2V0319,Kochi,India,Retail,1,0,0,1,0,3.7,2,0,0,0,1,1,1,0,1,0.7,1,0,0,0,44.9,65020.3,30667.37,1,1,0
V2V0320,Kochi,India,Other Services,0,0,0,1,0,3.8,3,0,0,1,0,0,0,0,1,0.2,0,0,0,0,37.2,54734.55,6300.76,1,1,1
V2V0321,Kochi,India,Manufacturing,0,0,0,1,0,3.4,2,1,0,0,0,1,1,0,0,0.5,0,0,0,1,52.4,54356.63,822.66,0,1,0
V2V0324,Kochi,India,Retail,0,0,0,0,0,3.7,3,0,0,0,0,0,0,0,0,0,0,0,0,0,48.9,71111.68,2839.57,1,1,0
V2V0325,Kochi,India,Other Services,0,0,0,0,0,3.9,2,1,0,0,1,0,1,0,0,0.5,0,0,0,1,44.2,60226.96,5214.48,1,1,0
V2V0326,Kochi,India,Retail,0,0,0,0,0,3.8,2,1,0,0,1,1,1,0,0,0.5,0,0,0,0,40.3,40259.75,1171.28,1,1,0
V2V0327,Kochi,India,Other Services,0,0,1,1,0,4.9,1,1,0,1,1,0,1,0,1,0.7,1,0,1,1,15.3,43447.65,14693.32,1,1,1
V2V0329,Kochi,India,Other Services,0,0,0,0,0,3.2,2,1,0,0,0,1,0,0,1,0.2,0,0,0,1,37,48151.14,1079.09,1,1,1
V2V0330,Kochi,India,Retail,0,0,0,1,0,4.1,3,0,0,1,0,0,1,0,1,0.7,0,0,0,1,48,59577.62,857.1,1,1,0
V2V0331,Kochi,India,Retail,0,0,0,1,1,3.4,1,0,0,0,0,0,0,0,1,0.2,1,0,0,0,28.5,29478.71,16257.11,1,1,1
V2V0332,Kochi,India,Retail,0,0,0,0,0,3.5,3,0,1,0,0,1,0,0,0,0,0,0,0,0,15.9,65528,8041.91,1,1,1
V2V0333,Kochi,India,Retail,1,0,0,1,0,3.4,2,0,0,1,0,0,1,1,1,1,0,0,0,0,25,197069.7,5309.98,1,0,1
V2V0334,Kochi,India,Manufacturing,0,0,0,0,0,4,1,1,0,0,0,0,0,0,0,0,0,0,0,1,36.7,33267.52,3756.13,0,1,1
V2V0335,Kochi,India,Other Services,1,0,0,0,1,1.4,1,1,0,1,0,0,1,0,1,0.7,0,0,0,0,39.7,63415.47,2225.04,1,1,1
V2V0337,Kochi,India,Manufacturing,0,0,0,0,0,3.3,2,1,0,0,0,0,0,0,0,0,1,1,0,0,46.9,294254.46,41089.85,1,1,0
V2V0338,Kochi,India,Other Services,0,0,0,1,0,3.6,2,1,0,0,0,0,1,0,1,0.7,1,0,0,0,24.1,69178.39,24013.2,0,1,1
V2V0339,Kochi,India,Manufacturing,0,0,0,0,0,2.8,3,0,0,1,1,0,0,0,1,0.2,0,0,0,1,32.2,160422.43,13430.82,1,1,1
V2V0342,Kochi,India,Manufacturing,0,0,0,0,0,4.3,1,0,1,0,0,1,0,0,0,0,0,0,0,0,31.3,160858.38,26458.05,1,1,1
V2V0343,Kochi,India,Retail,0,1,0,1,0,3.7,2,0,0,0,0,0,0,0,0,0,0,0,0,1,19.4,62037.49,1271.53,1,1,1
V2V0344,Kochi,India,Manufacturing,0,0,0,1,0,2.7,2,0,0,1,1,1,1,0,1,0.7,0,0,0,0,11.7,122681.57,27589.77,1,1,1
V2V0348,Kochi,India,Retail,0,0,0,0,0,2.7,2,0,0,1,1,0,0,0,1,0.2,0,0,0,0,40,89580.02,10872.75,1,1,0
V2V0349,Kochi,India,Other Services,0,0,0,1,0,3,2,1,0,1,1,0,0,0,1,0.2,1,0,0,0,49.7,194608.99,82862.12,1,1,0
V2V0350,Kochi,India,Other Services,0,0,0,1,0,2.6,3,0,0,0,0,0,1,0,0,0.5,1,0,0,1,31.8,119979.61,21586.15,1,1,1
V2V0351,Kochi,India,Other Services,0,0,0,1,1,3.8,3,0,0,1,0,1,0,0,1,0.2,0,0,0,0,22.7,15712.16,2681.79,1,1,1
V2V0353,Kochi,India,Other Services,1,0,0,1,1,5.2,1,1,0,1,0,0,0,1,0,0.3,0,0,0,0,44.3,135023.91,12003.52,1,1,0
V2V0354,Kochi,India,Manufacturing,1,0,0,1,0,3.6,2,1,1,1,0,1,0,0,1,0.2,1,0,0,0,52.5,155984.95,43608.58,0,1,0
V2V0355,Kochi,India,Retail,0,0,1,0,0,3.5,1,0,0,0,0,1,1,0,0,0.5,0,0,0,0,55.9,51693.22,6941.24,1,1,0
V2V0358,Kochi,India,Retail,0,0,0,0,0,2.7,1,1,0,1,0,0,0,0,0,0,0,0,0,0,27.3,25726.17,1729.32,0,1,1
V2V0359,Kochi,India,Other Services,0,0,0,1,0,2.4,3,0,0,1,0,0,1,0,0,0.5,1,0,0,0,24,48227.5,32882.11,1,1,1
V2V0362,Kochi,India,Retail,0,0,0,0,1,4.3,2,1,0,0,0,0,0,0,0,0,0,0,0,0,18.8,38306.94,5336.1,0,1,1
V2V0363,Kochi,India,Retail,0,0,0,1,1,3.6,1,0,1,1,0,1,1,0,0,0.5,0,0,0,1,7.8,63801.95,7958.26,1,1,1
V2V0366,Kochi,India,Retail,0,0,0,1,0,1.9,2,1,0,0,0,1,0,0,0,0,0,0,0,1,22.5,57138.28,3167.11,0,1,1
V2V0368,Kochi,India,Other Services,0,0,0,1,1,3.2,2,1,0,0,0,0,0,0,0,0,0,0,0,0,32.6,117724.83,16985.54,0,1,1
V2V0370,Kochi,India,Retail,1,0,0,1,1,3.1,1,1,0,1,0,1,0,0,1,0.2,0,0,0,0,26.3,123613.78,8041.83,1,1,1
V2V0371,Kochi,India,Retail,0,0,0,0,0,3.4,2,0,0,1,0,0,0,0,0,0,0,0,0,0,17.4,75954.21,9398,1,1,1
V2V0373,Kochi,India,Other Services,0,0,1,1,0,3.7,2,0,0,0,0,1,0,0,1,0.2,1,1,0,1,47.8,13102.77,4552.8,1,1,0
V2V0375,Kochi,India,Retail,1,0,1,1,0,1.5,2,1,1,1,1,1,0,0,1,0.2,0,0,0,0,39.4,80841.73,2385.26,0,1,1
V2V0376,Ludhiana,India,Manufacturing,0,0,1,1,0,4.4,1,0,0,0,0,0,0,0,0,0,0,0,1,0,44,95669.11,24159.41,1,1,0
V2V0377,Ludhiana,India,Retail,0,0,0,0,1,5.1,2,0,0,1,0,0,0,0,0,0,1,1,1,1,31.9,51167.75,17935.05,1,1,1
V2V0378,Ludhiana,India,Manufacturing,1,0,0,0,1,5.9,1,0,0,1,0,0,0,0,0,0,0,0,0,0,0,46898.68,7672.7,1,1,1
V2V0379,Ludhiana,India,Retail,0,0,0,0,0,6.3,2,0,0,0,0,0,0,0,0,0,0,0,1,0,28.6,86028.51,7810.2,1,1,1
V2V0380,Ludhiana,India,Retail,0,0,1,1,0,5.7,3,0,0,0,0,0,1,0,1,0.7,0,0,0,0,39.5,108350.8,28507.63,1,1,1
V2V0381,Ludhiana,India,Retail,0,0,1,1,0,5.3,1,0,0,1,0,0,0,0,0,0,0,0,1,0,1,52461.53,12604.59,1,1,1
V2V0382,Ludhiana,India,Manufacturing,0,0,0,0,0,7.4,1,0,0,0,0,0,0,0,0,0,0,0,0,0,12,61569.15,7137.91,1,1,1
V2V0383,Ludhiana,India,Manufacturing,0,0,0,1,0,4.3,1,0,0,0,1,0,0,0,0,0,1,0,0,0,29.4,44398.09,10043.39,1,1,1
V2V0384,Ludhiana,India,Manufacturing,0,0,0,0,0,6.5,2,0,0,1,0,0,0,0,1,0.2,0,0,0,0,33,148530.79,1869.34,1,1,1
V2V0385,Ludhiana,India,Other Services,0,0,0,0,0,4.6,2,0,0,0,1,0,0,0,1,0.2,0,0,0,0,29.1,39088.91,4557.97,1,1,1
V2V0386,Ludhiana,India,Retail,0,0,0,0,0,5.1,1,0,0,0,0,0,0,0,0,0,0,0,0,1,25.7,36226.4,2356.87,1,1,1
V2V0387,Ludhiana,India,Other Services,0,0,0,0,0,5.4,2,0,0,0,0,0,0,0,1,0.2,0,1,0,0,27.4,51720.32,17250.66,1,1,1
V2V0388,Ludhiana,India,Retail,0,0,0,1,0,6.4,1,0,0,1,0,0,0,0,1,0.2,0,0,0,1,24.6,16758.99,1801.34,1,1,1
V2V0389,Ludhiana,India,Other Services,0,0,0,0,0,6.8,1,0,0,0,0,0,0,0,0,0,0,1,1,0,26.8,32329.3,3765.19,1,1,1
V2V0390,Ludhiana,India,Manufacturing,0,0,0,1,0,5.8,1,0,0,0,0,1,0,0,1,0.2,0,0,0,0,16.1,47204.77,2657.77,1,1,1
V2V0391,Ludhiana,India,Retail,0,0,0,0,0,4.9,2,0,0,0,0,0,0,0,0,0,1,0,0,0,30.7,25658.58,7375.59,1,1,1
V2V0392,Ludhiana,India,Manufacturing,0,1,1,1,0,4.8,2,0,0,1,1,0,0,0,1,0.2,1,1,0,0,11.7,70711.1,9519.74,1,1,1
V2V0393,Ludhiana,India,Retail,0,0,0,0,0,6.6,2,0,0,1,0,0,1,0,0,0.5,0,0,0,0,39.2,22078.66,1468.85,1,1,1
V2V0394,Ludhiana,India,Other Services,0,0,0,0,0,5.3,2,0,0,0,0,0,0,0,0,0,0,0,0,0,24.6,60306.56,16811.1,1,1,1
V2V0395,Ludhiana,India,Other Services,0,0,1,0,0,5.6,3,0,0,1,0,0,0,0,1,0.2,0,0,0,0,19.4,103082.7,11250.25,1,1,1
V2V0397,Ludhiana,India,Manufacturing,1,0,0,0,0,4.7,2,0,0,0,0,0,0,0,0,0,0,0,0,0,29,63589.72,7588.09,1,1,1
V2V0398,Ludhiana,India,Other Services,0,0,0,0,0,5.1,1,0,0,1,0,0,0,0,0,0,0,0,1,0,39.5,43208.43,792.22,1,1,1
V2V0399,Ludhiana,India,Manufacturing,0,0,0,0,1,6.5,1,0,0,0,1,0,0,0,1,0.2,1,0,1,0,16,46340.95,18994.57,1,1,1
V2V0400,Ludhiana,India,Retail,1,0,0,1,0,6.6,2,0,0,1,1,0,0,0,0,0,0,0,0,0,15.5,70612.29,2024.66,1,1,1
V2V0401,Ludhiana,India,Manufacturing,0,0,0,1,0,5.2,1,0,0,1,0,0,0,0,0,0,0,0,0,0,26.9,31115.73,905.75,1,1,1
V2V0402,Ludhiana,India,Other Services,0,0,0,1,0,5.4,2,0,0,0,0,0,0,0,0,0,0,0,1,0,14,52567.7,17.38,1,1,1
V2V0403,Ludhiana,India,Retail,0,0,0,0,0,5.3,3,0,0,0,0,0,0,0,0,0,0,1,0,0,14.1,95704.67,39481.56,1,1,1
V2V0404,Ludhiana,India,Retail,0,1,0,0,0,6.4,2,0,0,0,0,0,0,0,0,0,0,0,0,0,25.8,61632.71,4021.97,1,1,1
V2V0405,Ludhiana,India,Retail,0,0,1,1,0,5,2,0,0,1,0,0,0,0,0,0,1,1,0,0,43.4,25354.98,8698.89,1,1,0
V2V0407,Ludhiana,India,Other Services,0,0,0,0,0,6.3,3,0,0,0,0,0,0,0,0,0,0,0,0,0,37.4,86321.65,11015.4,1,1,1
V2V0408,Ludhiana,India,Manufacturing,0,0,0,1,0,6.3,2,0,0,0,0,0,0,0,0,0,1,0,0,1,14.2,70453.09,27907.32,1,1,1
V2V0409,Ludhiana,India,Other Services,0,0,0,1,0,5.8,1,0,0,0,1,0,0,0,0,0,0,1,0,1,25.9,24211.53,4611.37,1,1,1
V2V0410,Ludhiana,India,Retail,0,0,0,1,0,6.4,1,0,1,0,0,0,0,0,0,0,1,0,0,0,23.7,29592.12,6631.82,1,1,1
V2V0412,Ludhiana,India,Other Services,0,0,0,1,0,6.4,1,0,0,0,0,0,1,0,1,0.7,0,1,1,0,34.1,72090.64,1105.3,1,1,1
V2V0413,Ludhiana,India,Retail,0,0,0,0,0,5.5,1,0,0,0,0,0,1,0,0,0.5,0,0,0,0,25.9,29648.53,508.89,1,1,1
V2V0414,Ludhiana,India,Retail,0,0,1,0,0,5.4,1,0,0,0,1,0,0,0,0,0,1,0,0,0,30.7,45722.24,9610,1,1,1
V2V0415,Ludhiana,India,Retail,0,0,0,0,0,5.3,1,0,0,0,1,1,0,0,0,0,1,0,0,0,26,23368.68,9698.17,1,1,1
V2V0416,Ludhiana,India,Retail,0,0,0,1,0,5.3,3,0,0,1,0,0,0,0,1,0.2,0,0,1,0,46.8,40121.48,1354.73,1,1,0
V2V0417,Ludhiana,India,Other Services,0,0,1,1,0,4.8,2,0,0,0,0,0,1,0,0,0.5,0,0,0,0,17.6,133610.32,28176.4,1,1,1
V2V0418,Ludhiana,India,Retail,0,1,0,1,0,5.4,1,0,0,1,0,0,0,0,0,0,1,0,1,0,7.7,63860.37,2623.83,1,1,1
V2V0419,Ludhiana,India,Manufacturing,0,0,0,0,0,4.2,2,0,0,1,0,0,0,0,1,0.2,1,0,1,0,14.3,40141.79,14820.42,1,1,1
V2V0420,Ludhiana,India,Retail,0,0,0,0,0,5,1,0,0,0,0,1,0,0,0,0,0,0,0,0,45.9,69791.81,4503.75,1,1,0
V2V0421,Ludhiana,India,Manufacturing,1,0,0,0,0,6,2,0,0,0,0,0,1,0,0,0.5,1,0,0,0,22.3,155938.76,26717.91,1,1,1
V2V0424,Ludhiana,India,Retail,0,0,1,0,0,6.1,2,0,0,0,0,0,0,0,0,0,1,0,0,0,41.3,64632.62,11762.35,1,1,0
V2V0425,Ludhiana,India,Other Services,0,0,0,0,1,5.9,2,0,0,0,0,1,0,0,0,0,0,0,0,0,18.6,61752.55,3311.12,1,1,1
V2V0426,Ludhiana,India,Manufacturing,0,0,1,1,0,5.1,2,0,0,0,0,0,0,1,0,0.3,1,0,1,0,4,36461.41,9387.25,1,1,1
V2V0427,Ludhiana,India,Other Services,1,0,0,0,0,6.4,1,1,0,1,0,0,0,0,1,0.2,0,0,0,0,13,101408.88,5701.24,0,1,1
V2V0429,Ludhiana,India,Manufacturing,0,0,0,0,0,4.5,1,0,0,0,0,0,0,0,1,0.2,0,0,0,0,13.6,113165.67,9390.36,1,1,1
V2V0430,Ludhiana,India,Manufacturing,0,0,0,1,0,5.6,1,0,0,0,0,0,0,0,0,0,0,0,0,0,22.7,25907.44,2514.32,1,1,1
V2V0432,Ludhiana,India,Manufacturing,0,0,1,1,0,5.9,1,0,0,0,0,0,0,0,1,0.2,0,0,0,0,34,73967.8,2123.28,1,1,1
V2V0433,Ludhiana,India,Manufacturing,1,1,0,1,0,5.7,2,0,0,0,0,0,0,0,1,0.2,0,0,0,0,47.9,40799.35,5472.31,1,1,0
V2V0434,Ludhiana,India,Other Services,0,0,0,0,0,5.6,2,0,0,0,0,0,0,0,1,0.2,1,0,0,0,27.2,158052.96,32300.77,1,1,1
V2V0435,Ludhiana,India,Retail,0,0,0,1,0,6,3,0,0,1,1,0,1,0,1,0.7,1,0,1,1,24.5,65087.18,25348.82,1,1,1
V2V0436,Ludhiana,India,Retail,0,1,0,0,0,4.6,1,0,0,0,0,0,0,0,0,0,0,0,0,0,28.1,45448.3,2512.26,1,1,1
V2V0438,Ludhiana,India,Other Services,0,0,0,0,1,3.4,2,0,0,0,1,0,0,0,0,0,0,0,1,0,26.8,32931.13,5610.96,1,1,1
V2V0439,Ludhiana,India,Retail,0,0,0,0,0,3,1,0,0,0,0,0,0,0,0,0,0,0,0,0,33.2,27665.51,1708.95,1,1,1
V2V0440,Ludhiana,India,Other Services,0,0,0,0,0,5.9,2,0,0,0,0,0,0,0,1,0.2,0,0,0,1,23.9,41828.42,5036.37,1,1,1
V2V0441,Ludhiana,India,Manufacturing,0,0,0,0,0,5.4,2,0,0,0,0,0,0,0,1,0.2,0,0,0,0,43.8,88871.07,9035.1,1,1,0
V2V0443,Ludhiana,India,Other Services,1,0,1,0,0,5.3,1,0,0,1,0,0,0,0,1,0.2,0,0,0,1,25.3,33248.97,5829.85,1,1,1
V2V0444,Ludhiana,India,Retail,0,0,0,0,0,4.4,2,0,0,0,0,1,1,0,1,0.7,0,0,1,0,29.9,71897.22,15392.96,1,1,1
V2V0445,Ludhiana,India,Manufacturing,1,0,0,1,0,3.4,2,0,0,0,0,0,0,0,0,0,0,0,0,0,20.1,51444.81,6688.22,1,1,1
V2V0446,Ludhiana,India,Manufacturing,0,0,0,0,0,4.8,2,0,0,0,0,0,0,1,0,0.3,1,1,1,1,17.5,113458.48,15082.11,1,1,1
V2V0448,Ludhiana,India,Retail,0,0,0,1,0,5.3,1,0,0,0,0,0,0,0,0,0,1,0,0,1,22.4,33897.43,8374.39,1,1,1
V2V0449,Ludhiana,India,Retail,1,0,0,1,0,4.4,2,0,0,1,1,0,0,0,0,0,1,1,0,0,19.5,35747.59,4879.59,1,1,1
V2V0450,Ludhiana,India,Retail,0,0,1,0,0,5.5,2,0,0,0,0,0,0,0,0,0,0,0,1,0,21.8,63891.73,17756.96,1,1,1
V2V0451,Ludhiana,India,Other Services,0,1,0,1,0,3.9,3,0,0,1,1,0,0,0,0,0,0,0,0,0,24,22379.47,1511.82,1,1,1
V2V0452,Ludhiana,India,Other Services,0,0,0,1,0,6.2,2,0,0,0,0,0,0,0,1,0.2,1,0,0,0,10.3,37325.36,7516.07,1,1,1
V2V0453,Ludhiana,India,Other Services,1,0,0,0,0,5.4,2,0,0,0,1,0,0,0,0,0,0,0,0,0,32.3,74952.65,10727.07,1,1,1
V2V0454,Ludhiana,India,Other Services,0,0,1,1,0,6,2,0,0,1,0,0,1,0,0,0.5,1,0,0,0,35.9,66526.93,23933.66,1,1,1
V2V0455,Ludhiana,India,Other Services,0,0,0,1,0,5.9,2,1,0,0,0,0,0,0,0,0,0,0,1,0,21.2,52255.11,10640.39,0,1,1
V2V0456,Ludhiana,India,Other Services,0,1,0,0,1,6,2,0,0,0,1,0,0,0,0,0,1,0,0,0,0,86835.7,26702.27,1,1,1
V2V0457,Ludhiana,India,Manufacturing,0,0,0,0,1,5.4,2,0,0,1,0,0,0,0,1,0.2,1,0,0,0,21.1,148993.35,48479.02,1,1,1
V2V0458,Ludhiana,India,Manufacturing,0,0,0,0,0,5.2,1,0,0,0,0,0,0,0,0,0,0,0,1,0,15.1,34734.24,3955.74,1,1,1
V2V0460,Ludhiana,India,Manufacturing,0,0,0,1,0,4.6,2,0,0,0,0,0,0,0,0,0,0,0,0,0,3.6,70308.57,12201.22,1,1,1
V2V0461,Ludhiana,India,Other Services,0,0,0,1,0,5,1,0,0,1,0,0,0,0,0,0,1,0,0,0,16.5,15446.5,4959.2,1,1,1
V2V0463,Ludhiana,India,Manufacturing,0,0,1,0,0,4.9,1,0,0,0,1,0,0,0,0,0,0,0,0,0,34.7,40520.94,7564.95,1,1,1
V2V0464,Ludhiana,India,Other Services,0,1,0,1,0,6.4,2,1,0,0,0,0,0,0,0,0,0,0,1,0,39.4,21078.54,1777.59,1,1,1
V2V0465,Ludhiana,India,Other Services,0,0,0,1,0,4.3,2,0,0,0,0,0,0,0,1,0.2,1,0,0,0,22,53291.21,15552.21,1,1,1
V2V0466,Ludhiana,India,Manufacturing,0,0,0,1,0,5.6,2,0,1,1,0,0,0,0,0,0,0,0,1,1,45.5,70737.86,1880.24,1,1,0
V2V0467,Ludhiana,India,Manufacturing,0,0,0,1,0,5.5,2,0,0,0,0,0,0,0,0,0,0,0,1,0,20.3,42373.79,2574.5,1,1,1
V2V0468,Ludhiana,India,Other Services,1,0,1,0,0,5.4,2,0,0,0,0,0,0,0,1,0.2,1,0,0,0,10.2,43305.29,9788.12,1,1,1
V2V0469,Ludhiana,India,Retail,0,0,0,1,0,4.4,1,0,0,0,0,0,0,0,0,0,0,0,0,0,21.3,85626.37,9855.65,1,1,1
V2V0470,Ludhiana,India,Retail,1,0,0,0,0,5.8,2,0,0,0,0,1,1,0,0,0.5,0,0,1,0,31.1,41140.38,3711.93,1,1,1
V2V0471,Ludhiana,India,Retail,0,0,1,0,0,6,3,0,0,0,0,0,0,0,0,0,0,0,0,0,3.4,59597.39,7169.91,1,1,1
V2V0472,Ludhiana,India,Other Services,0,1,1,1,1,5.9,3,0,0,1,0,0,0,0,1,0.2,0,0,0,0,39.8,145493.2,13281.38,1,1,1
V2V0473,Ludhiana,India,Retail,0,0,1,0,0,5.3,1,0,0,0,0,0,0,0,1,0.2,0,0,0,0,5.2,38055.06,4429.93,1,1,1
V2V0474,Ludhiana,India,Other Services,1,0,0,1,0,5.2,1,0,0,0,0,0,1,0,0,0.5,0,1,0,0,15.9,31373.22,626.81,1,1,1
V2V0475,Ludhiana,India,Retail,0,0,0,0,0,5.3,3,0,0,1,0,0,0,0,0,0,1,0,1,0,31.9,65816.47,4861.8,1,1,1
V2V0476,Ludhiana,India,Manufacturing,0,0,1,0,0,6,2,0,0,1,0,0,0,0,1,0.2,1,1,0,0,26.3,83718.76,34105.26,1,1,1
V2V0477,Ludhiana,India,Manufacturing,0,0,0,1,0,5.3,2,0,0,0,0,1,0,0,0,0,0,0,0,0,2.4,94742.76,10567.77,1,1,1
V2V0478,Ludhiana,India,Manufacturing,0,0,1,0,0,5.7,3,0,0,1,0,0,1,0,1,0.7,1,0,1,0,27,46484.26,7474.62,1,1,1
V2V0479,Ludhiana,India,Other Services,0,0,0,1,0,5.2,3,0,0,1,0,0,0,0,0,0,0,0,0,0,31.7,61154.56,847.01,1,1,1
V2V0480,Ludhiana,India,Retail,0,0,1,0,0,6.1,1,0,0,0,0,0,0,0,0,0,0,0,1,0,26.7,73822.45,3219.12,1,1,1
V2V0481,Ludhiana,India,Retail,0,0,1,0,0,3.3,1,0,0,1,0,0,0,0,1,0.2,1,0,0,0,24.7,44037.03,15215.18,1,1,1
V2V0482,Ludhiana,India,Other Services,0,0,0,0,0,5,2,0,0,0,1,0,0,0,1,0.2,0,0,0,0,15.6,70464.66,19002.73,1,1,1
V2V0483,Ludhiana,India,Other Services,0,1,0,1,0,5.2,1,0,0,0,0,1,0,0,0,0,0,0,1,0,34.7,35553.36,2618.67,1,1,1
V2V0484,Ludhiana,India,Other Services,0,0,0,0,0,4.5,1,0,0,0,0,1,0,0,0,0,1,0,0,1,16.8,35024.44,5388.66,1,1,1
V2V0487,Ludhiana,India,Retail,0,0,0,0,0,4.4,2,0,0,0,1,0,0,0,1,0.2,0,0,0,0,33.5,39267.56,3682.84,1,1,1
V2V0488,Ludhiana,India,Other Services,0,0,0,1,0,4.3,1,0,0,0,0,0,1,0,1,0.7,0,0,0,0,26.4,77891.45,3875.48,1,1,1
V2V0489,Ludhiana,India,Other Services,1,0,0,1,0,5.2,1,0,0,0,0,0,0,0,0,0,0,1,0,1,12.7,104961.34,16309.21,1,1,1
V2V0490,Ludhiana,India,Other Services,0,0,1,1,0,5,1,0,0,1,0,0,0,0,1,0.2,0,1,1,0,18.6,51127.49,945.79,1,1,1
V2V0491,Ludhiana,India,Manufacturing,0,0,0,0,1,5.4,1,0,0,0,0,0,0,0,1,0.2,0,0,0,1,18.4,54561.46,29574.59,1,1,1
V2V0492,Ludhiana,India,Manufacturing,0,0,0,0,0,5.6,1,0,0,0,0,0,0,0,1,0.2,0,0,0,0,37.4,121690.82,7658.45,1,1,1
V2V0493,Ludhiana,India,Retail,0,0,0,1,0,4.8,1,0,0,1,0,0,0,0,0,0,0,1,1,1,28.9,69275.45,8918.56,1,1,1
V2V0494,Ludhiana,India,Retail,0,0,0,0,0,5.2,2,0,0,0,1,0,0,0,0,0,1,0,1,0,28.3,30471.75,7927.21,1,1,1
V2V0495,Ludhiana,India,Other Services,0,0,0,0,0,6,1,0,0,1,0,0,0,0,0,0,0,0,0,0,10.7,33949.84,1988.72,1,1,1
V2V0497,Ludhiana,India,Other Services,0,0,1,1,0,3.7,1,0,0,0,0,0,0,0,0,0,0,0,1,0,23.8,61306.98,8228.27,1,1,1
V2V0498,Ludhiana,India,Other Services,0,0,0,0,0,3.5,1,0,0,0,1,0,0,0,0,0,1,0,1,0,27.4,104575.73,12408.3,1,1,1
V2V0499,Ludhiana,India,Manufacturing,0,1,0,0,0,5.2,2,0,0,1,0,0,0,1,1,0.5,0,0,1,0,29.5,109006.23,2965.97,1,1,1
V2V0500,Ludhiana,India,Other Services,0,0,1,0,0,4.7,2,0,0,0,0,0,0,0,1,0.2,0,1,0,0,37.9,90870.13,6058.73,1,1,1
V2V0501,Mumbai,India,Retail,0,0,0,1,0,3.8,3,0,0,0,0,0,0,0,1,0.2,1,0,1,0,0.2,70850.86,13641.89,1,1,1
V2V0502,Mumbai,India,Retail,0,0,0,1,0,5,1,0,0,0,0,0,1,0,1,0.7,1,0,0,1,13.9,119421.37,26000.15,1,1,1
V2V0505,Mumbai,India,Other Services,0,0,0,1,0,4.4,1,0,0,0,0,1,1,0,1,0.7,1,0,0,0,15.2,76943.63,15209.84,1,1,1
V2V0506,Mumbai,India,Other Services,0,1,0,1,0,5.3,3,0,0,0,0,1,1,1,1,1,1,1,0,0,26,77415.06,16549.63,1,0,1
V2V0507,Mumbai,India,Other Services,0,0,0,1,0,4.4,1,0,0,0,0,1,1,0,1,0.7,0,0,0,0,19.5,60148.41,7439.47,1,1,1
V2V0509,Mumbai,India,Retail,0,0,0,1,0,3.6,2,0,0,0,1,0,0,0,0,0,0,0,0,0,11.5,87050.13,25630.41,1,1,1
V2V0510,Mumbai,India,Other Services,0,1,0,1,1,5.1,2,1,0,1,0,0,1,0,1,0.7,1,0,0,0,26,73631.8,24155.49,0,1,1
V2V0512,Mumbai,India,Manufacturing,0,0,0,1,1,3.8,2,0,0,0,0,1,0,0,1,0.2,1,0,0,0,21.1,56018.13,13988.44,1,1,1
V2V0513,Mumbai,India,Manufacturing,0,0,0,1,0,3,1,0,0,0,0,0,1,0,1,0.7,1,0,0,0,29.6,51421.06,5114.1,1,1,1
V2V0514,Mumbai,India,Other Services,0,0,0,1,0,4.7,2,0,0,1,0,0,0,0,0,0,0,0,0,1,27.2,71193.13,17651.71,1,1,1
V2V0515,Mumbai,India,Manufacturing,0,0,1,1,0,3.3,1,0,1,1,0,0,1,0,1,0.7,0,0,1,0,29,223635.86,29777.25,1,1,1
V2V0517,Mumbai,India,Other Services,0,0,0,1,0,2.9,2,1,0,0,0,0,1,0,1,0.7,1,0,0,1,28.8,439707.07,214421.12,1,1,1
V2V0519,Mumbai,India,Other Services,0,1,0,0,0,4.5,2,1,0,0,0,0,1,0,1,0.7,0,0,0,0,23.3,120477.84,27908.91,0,1,1
V2V0520,Mumbai,India,Retail,0,0,1,1,1,4.5,3,0,0,0,0,0,0,0,1,0.2,1,0,0,0,25.3,97657.44,41966.31,1,1,1
V2V0522,Mumbai,India,Retail,0,0,0,1,0,4.7,1,1,0,0,0,0,1,0,1,0.7,0,1,1,1,23,206419.73,11439.51,1,1,1
V2V0523,Mumbai,India,Retail,0,0,1,1,0,5.6,2,1,0,0,0,0,0,0,1,0.2,0,0,0,0,14.3,73436.05,2186.51,1,1,1
V2V0524,Mumbai,India,Manufacturing,0,0,0,1,0,1.7,3,0,0,0,0,1,0,0,0,0,0,0,1,0,4.6,98588.53,4966.12,1,1,1
V2V0525,Mumbai,India,Retail,0,0,0,0,0,4.8,2,1,0,0,0,0,1,0,1,0.7,0,0,0,0,51.7,35512.9,2625.78,1,1,0
V2V0526,Mumbai,India,Retail,0,0,0,1,0,3.8,2,1,1,0,0,0,0,0,0,0,0,1,0,0,16.4,253955.54,11698.63,0,1,1
V2V0527,Mumbai,India,Other Services,0,0,0,1,0,4.4,2,1,0,0,1,1,0,0,0,0,1,0,0,0,4.2,196850.98,30577.95,0,1,1
V2V0528,Mumbai,India,Retail,0,0,0,1,0,3.2,2,0,0,0,0,0,0,1,0,0.3,1,0,0,0,13.9,92015.88,3023.06,1,1,1
V2V0529,Mumbai,India,Retail,0,0,0,1,0,4.4,2,0,0,1,0,0,1,0,0,0.5,1,0,1,0,5.2,107267.06,54801.54,1,1,1
V2V0530,Mumbai,India,Other Services,0,0,1,1,0,2.9,2,0,0,0,0,0,1,0,1,0.7,1,0,1,0,0.5,72333.77,46553.49,1,1,1
V2V0531,Mumbai,India,Other Services,0,1,0,1,0,5,1,0,0,0,0,0,1,0,0,0.5,0,0,0,0,27.5,37820.61,1008.87,1,1,1
V2V0532,Mumbai,India,Other Services,0,0,0,1,0,3.4,1,1,0,0,0,0,0,0,1,0.2,1,0,1,0,16.3,207445.53,70189.31,1,1,1
V2V0533,Mumbai,India,Retail,0,0,0,1,1,4.8,2,0,0,0,1,0,1,0,1,0.7,0,0,0,0,19.2,60388.88,7144.69,1,1,1
V2V0535,Mumbai,India,Manufacturing,1,1,0,1,0,4,1,0,0,0,1,1,1,0,1,0.7,1,0,0,1,30.9,100218.89,8461.46,1,1,1
V2V0536,Mumbai,India,Retail,0,1,0,1,0,4.7,2,0,0,0,0,0,0,0,1,0.2,1,0,0,0,16.4,102947.46,27994.45,1,1,1
V2V0537,Mumbai,India,Retail,0,0,0,1,0,3.7,2,0,0,1,0,0,1,0,0,0.5,0,0,0,0,36.8,133007.82,6399.5,1,1,1
V2V0539,Mumbai,India,Other Services,0,0,0,1,0,4.9,3,0,0,0,0,0,0,0,0,0,1,0,0,1,33.1,156361.01,14499.17,1,1,1
V2V0540,Mumbai,India,Other Services,0,0,1,1,0,2.8,2,1,0,0,0,0,1,0,0,0.5,0,0,1,1,27.1,46124.4,5912,1,1,1
V2V0541,Mumbai,India,Other Services,0,0,0,1,0,5.1,2,0,0,1,0,0,1,0,0,0.5,1,0,1,0,9.3,205135.18,41074.9,1,1,1
V2V0542,Mumbai,India,Other Services,0,0,0,1,0,3.7,2,0,0,0,0,0,0,0,1,0.2,0,0,0,0,17,71420.64,13739.33,1,1,1
V2V0543,Mumbai,India,Retail,1,0,0,0,0,4.2,1,0,0,1,0,0,1,0,1,0.7,0,0,0,0,33.5,94235.97,537.3,1,1,1
V2V0544,Mumbai,India,Other Services,0,0,0,1,0,3.6,1,0,0,0,0,0,0,0,0,0,1,1,0,0,35.1,79792.9,22926.54,1,1,1
V2V0545,Mumbai,India,Manufacturing,1,1,0,1,0,2.3,2,0,0,1,0,0,1,0,1,0.7,0,0,0,0,23.9,106299.12,17796.31,1,1,1
V2V0546,Mumbai,India,Manufacturing,1,0,0,1,0,4.8,2,0,0,0,0,0,0,0,0,0,0,0,0,0,31.2,204609.97,15967.56,1,1,1
V2V0547,Mumbai,India,Retail,0,0,0,1,0,2.7,1,0,0,0,1,0,1,0,0,0.5,1,0,1,0,26.3,36764.12,6975.43,1,1,1
V2V0549,Mumbai,India,Retail,0,0,1,1,0,5.3,1,0,0,1,0,0,0,0,0,0,0,0,1,0,19.2,22878.28,2262.04,1,1,1
V2V0550,Mumbai,India,Retail,0,0,0,1,0,4.8,2,1,0,0,0,1,1,0,1,0.7,1,0,1,0,13.4,95804.5,31149.46,1,1,1
V2V0551,Mumbai,India,Retail,0,1,0,0,0,2.8,2,0,0,0,0,0,0,0,1,0.2,0,0,0,0,14.1,47309.56,9549.23,1,1,1
V2V0552,Mumbai,India,Manufacturing,0,0,0,1,0,2.7,5,0,0,0,0,1,1,0,1,0.7,0,1,0,1,31.2,240686.24,41073.08,1,1,1
V2V0553,Mumbai,India,Retail,0,0,1,1,1,4.4,1,0,0,0,0,1,0,0,0,0,1,0,0,0,11.1,100245,35860.27,1,1,1
V2V0555,Mumbai,India,Retail,0,0,0,0,0,3.5,2,0,0,0,0,0,0,0,0,0,0,0,0,0,41,108610.43,23513.8,1,1,0
V2V0556,Mumbai,India,Manufacturing,0,0,0,1,0,5.2,1,0,0,0,0,0,0,0,0,0,0,0,0,1,10.7,93517.72,3884.56,1,1,1
V2V0557,Mumbai,India,Other Services,1,0,0,1,0,5,1,1,0,0,0,0,1,0,1,0.7,1,0,0,0,12.9,62242.29,3541.45,0,1,1
V2V0558,Mumbai,India,Retail,0,0,0,1,0,4.7,1,0,0,0,0,1,1,0,1,0.7,0,0,0,0,8.8,94057.8,6234.08,1,1,1
V2V0559,Mumbai,India,Retail,1,0,0,1,0,3.6,2,0,0,1,0,1,0,0,0,0,0,0,0,0,31.7,87425.91,5248.57,1,1,1
V2V0560,Mumbai,India,Retail,0,0,1,1,0,2.8,1,0,0,0,0,0,1,0,0,0.5,0,0,0,0,7.8,53054.35,2213.33,1,1,1
V2V0561,Mumbai,India,Manufacturing,0,0,0,1,0,3.9,2,1,0,0,0,0,1,0,1,0.7,1,0,1,0,7.3,81134.4,12572.82,0,1,1
V2V0562,Mumbai,India,Retail,1,0,1,1,0,3,1,1,0,0,0,1,0,0,0,0,1,0,0,0,25.2,105784.57,11374.77,1,1,1
V2V0563,Mumbai,India,Manufacturing,0,0,0,0,1,2.3,2,0,0,0,0,1,1,0,1,0.7,0,0,0,0,10.4,119092.2,6785.56,1,1,1
V2V0564,Mumbai,India,Other Services,0,0,1,1,0,3.5,2,1,0,0,0,0,1,0,1,0.7,1,0,0,0,41.8,71136.21,19619.51,1,1,0
V2V0566,Mumbai,India,Retail,0,0,0,1,0,5.6,3,0,0,0,0,0,1,0,1,0.7,0,0,0,0,46.9,94318.65,16653.44,1,1,0
V2V0568,Mumbai,India,Other Services,0,0,0,1,0,4.2,1,1,0,0,0,0,0,0,1,0.2,0,0,0,1,25.3,51465.11,3411,0,1,1
V2V0570,Mumbai,India,Manufacturing,0,0,1,1,0,3.8,2,0,0,0,1,0,0,0,1,0.2,1,0,1,0,46.6,98884.54,21842.41,1,1,0
V2V0572,Mumbai,India,Manufacturing,0,0,1,1,0,2.9,2,1,0,0,0,0,1,0,1,0.7,0,0,0,0,4.5,54109.7,12155.68,1,1,1
V2V0573,Mumbai,India,Retail,0,0,0,1,0,4.3,1,1,0,0,1,0,0,0,0,0,1,0,1,0,22.5,36248.61,14122.45,0,1,1
V2V0574,Mumbai,India,Retail,0,0,1,1,0,3.2,2,1,0,1,1,0,1,0,0,0.5,0,0,0,0,44.8,267391.68,2519.24,1,1,0
V2V0575,Mumbai,India,Retail,0,0,0,1,0,4.2,1,0,0,0,0,0,0,0,0,0,0,0,0,1,0,89865.46,14240.1,1,1,1
V2V0576,Mumbai,India,Manufacturing,0,1,0,1,0,5.7,1,0,0,0,0,0,1,1,1,1,0,0,0,0,19.6,35111.61,2089.74,1,0,1
V2V0577,Mumbai,India,Retail,0,1,0,1,0,4,2,0,0,0,0,0,1,0,0,0.5,1,0,0,0,21.1,51692.05,15795.53,1,1,1
V2V0578,Mumbai,India,Retail,0,0,1,1,0,4.4,2,0,0,0,0,0,1,0,0,0.5,0,0,0,0,24.7,140142.07,35634.79,1,1,1
V2V0580,Mumbai,India,Other Services,0,0,1,0,0,4,2,1,0,1,0,0,1,0,1,0.7,0,0,0,0,35.7,105625.35,1543.8,0,1,1
V2V0581,Mumbai,India,Retail,0,0,1,1,0,3.8,2,1,0,1,1,1,1,0,0,0.5,1,0,1,0,30.6,127249.19,54233.31,0,1,1
V2V0582,Mumbai,India,Retail,0,0,1,0,0,3.9,2,0,0,0,0,0,1,0,0,0.5,0,0,0,0,7.9,62128.49,13244.01,1,1,1
V2V0583,Mumbai,India,Other Services,0,1,0,1,0,4.8,1,0,0,1,0,0,0,0,1,0.2,0,0,0,1,20.4,135211.74,5019.76,1,1,1
V2V0584,Mumbai,India,Other Services,1,0,1,1,0,4.6,2,0,0,0,1,0,0,0,0,0,1,0,0,0,29,19145.87,2524.95,1,1,1
V2V0585,Mumbai,India,Manufacturing,0,0,1,0,0,3.4,2,0,0,0,1,0,0,0,1,0.2,1,0,1,0,19.8,87379.96,23668.08,1,1,1
V2V0586,Mumbai,India,Retail,0,0,1,1,0,3.8,3,0,0,1,0,1,0,0,0,0,1,0,0,0,7.4,83974.78,15332.19,1,1,1
V2V0587,Mumbai,India,Manufacturing,0,0,0,1,0,3.4,1,0,0,1,0,1,0,0,1,0.2,0,0,1,0,14.5,87803.27,11650.33,1,1,1
V2V0588,Mumbai,India,Retail,0,0,1,1,1,5,2,0,0,0,0,0,1,0,1,0.7,1,0,0,0,40.6,68257.55,9798.25,1,1,0
V2V0589,Mumbai,India,Retail,0,1,0,0,0,4.2,2,0,0,0,1,0,1,0,1,0.7,0,0,1,0,20.2,167656.12,15962.42,1,1,1
V2V0590,Mumbai,India,Manufacturing,0,0,0,1,0,4.3,1,0,0,0,1,0,0,0,1,0.2,0,0,0,0,18.2,46501.4,7176.4,1,1,1
V2V0591,Mumbai,India,Other Services,0,0,0,0,0,3.9,1,1,0,1,1,1,1,0,1,0.7,1,0,1,0,8.5,24553.91,4861.33,1,1,1
V2V0592,Mumbai,India,Manufacturing,0,0,0,1,0,2.8,3,1,0,0,0,0,0,0,0,0,0,0,0,0,38.2,265249.98,11713.04,1,1,1
V2V0593,Mumbai,India,Manufacturing,0,0,0,1,0,4.9,2,0,0,0,0,0,0,0,0,0,0,0,0,0,29.6,108184.63,9874.47,1,1,1
V2V0595,Mumbai,India,Retail,0,0,0,1,0,4,1,0,0,0,1,0,1,0,1,0.7,1,0,1,0,12.9,93840.38,30221.62,1,1,1
V2V0596,Mumbai,India,Other Services,0,1,1,0,0,3.5,2,1,0,0,0,0,1,0,1,0.7,1,0,0,1,29.8,121301.38,22172.44,1,1,1
V2V0598,Mumbai,India,Retail,1,0,0,1,0,4.6,3,1,0,0,1,0,0,0,1,0.2,0,0,0,0,32.5,112625.68,8501.88,1,1,1
V2V0599,Mumbai,India,Retail,1,1,1,1,0,3.8,2,0,0,1,0,0,1,0,0,0.5,0,0,0,0,27.9,277155.22,33868.62,1,1,1
V2V0600,Mumbai,India,Retail,0,0,0,1,0,4.3,2,0,0,0,0,0,1,0,0,0.5,0,0,0,0,31.5,58768.78,2845.05,1,1,1
V2V0601,Mumbai,India,Other Services,0,1,0,1,0,2.9,1,0,0,0,0,0,0,0,0,0,1,1,0,0,41.8,48692.06,17782.5,1,1,0
V2V0602,Mumbai,India,Retail,0,1,0,1,0,4.7,2,0,0,0,0,0,1,0,0,0.5,0,0,0,0,21.7,69344.8,8811.41,1,1,1
V2V0603,Mumbai,India,Manufacturing,0,1,0,1,0,4.4,2,0,0,0,0,0,1,0,0,0.5,0,0,0,0,4.7,148672.2,6200.24,1,1,1
V2V0604,Mumbai,India,Manufacturing,0,0,1,1,1,4.2,1,0,1,0,0,0,1,0,0,0.5,0,0,0,0,11.3,103711.73,30351.86,1,1,1
V2V0605,Mumbai,India,Retail,0,0,1,0,0,4.3,3,1,0,0,1,0,1,0,0,0.5,0,0,0,0,30.2,71699.59,7796.86,1,1,1
V2V0606,Mumbai,India,Other Services,0,1,1,1,0,3.7,1,0,0,0,0,0,0,0,0,0,0,0,0,0,26.8,61800.45,13904.39,1,1,1
V2V0607,Mumbai,India,Other Services,0,0,0,1,0,5.1,2,0,0,1,0,0,1,0,0,0.5,0,0,0,0,32.1,53685.64,12223.66,1,1,1
V2V0608,Mumbai,India,Manufacturing,0,1,0,1,0,5,1,0,0,0,0,0,0,0,0,0,1,0,0,0,14.3,80982.4,16082.24,1,1,1
V2V0610,Mumbai,India,Other Services,0,0,0,1,0,4.6,1,1,0,0,1,0,0,0,1,0.2,0,0,0,0,32.2,55446.41,2351.37,0,1,1
V2V0611,Mumbai,India,Other Services,0,0,0,1,0,3.2,2,0,0,0,1,0,1,0,0,0.5,1,0,0,1,39.6,209309.24,84516.69,1,1,1
V2V0612,Mumbai,India,Retail,0,1,0,1,1,1.4,2,1,0,0,1,0,0,0,1,0.2,1,0,0,0,25.2,130725.86,34712,0,1,1
V2V0613,Mumbai,India,Other Services,0,0,0,1,0,4.4,1,0,0,0,0,0,0,0,0,0,1,0,1,0,24.1,94308.22,35809.22,1,1,1
V2V0614,Mumbai,India,Retail,0,1,0,1,0,4.5,2,0,0,0,1,0,1,0,1,0.7,0,0,0,0,50,74189.14,3658.05,1,1,0
V2V0615,Mumbai,India,Other Services,0,1,0,0,0,2.7,1,1,0,1,0,0,1,0,1,0.7,0,0,0,0,12.7,26104.51,4765.28,1,1,1
V2V0616,Mumbai,India,Retail,0,0,0,1,0,5.4,1,0,0,1,1,1,0,0,1,0.2,0,1,0,1,21.1,44323.4,10685.01,1,1,1
V2V0617,Mumbai,India,Retail,0,0,0,1,0,3.2,3,0,0,0,0,1,1,0,1,0.7,0,0,1,0,12.7,44541.18,3016.53,1,1,1
V2V0618,Mumbai,India,Other Services,0,0,0,1,1,4,2,0,0,0,0,0,1,0,1,0.7,1,0,1,0,31.7,128764.3,47041.98,1,1,1
V2V0620,Mumbai,India,Other Services,0,0,0,1,0,4.6,1,1,0,0,0,0,0,0,1,0.2,0,0,0,0,13.1,112852.12,20673.93,1,1,1
V2V0621,Mumbai,India,Other Services,0,0,0,1,0,3.8,1,1,0,0,0,0,1,0,1,0.7,0,1,0,0,19.5,67548.86,4048.04,1,1,1
V2V0622,Mumbai,India,Retail,0,1,0,1,0,4.3,1,0,0,0,0,0,0,0,0,0,0,1,0,0,24.4,126121.01,16468.22,1,1,1
V2V0623,Mumbai,India,Manufacturing,0,0,1,1,0,5.5,1,1,0,0,0,0,0,0,1,0.2,0,0,1,0,23.9,205240.25,22759.94,1,1,1
V2V0624,Mumbai,India,Manufacturing,0,0,0,1,0,4.3,3,0,0,0,0,0,0,0,0,0,1,0,0,0,21.1,128602.35,53701.54,1,1,1
V2V0625,Mumbai,India,Retail,1,0,0,1,0,3.3,2,0,0,0,1,0,1,0,0,0.5,0,0,0,0,9.9,228333.19,14786.35,1,1,1
V2V0626,Sehore,India,Other Services,0,0,0,1,0,4.4,1,0,1,0,1,0,0,0,1,0.2,0,1,0,1,86.2,30459.13,1107.8,1,1,0
V2V0627,Sehore,India,Manufacturing,0,0,0,1,0,6.1,1,0,0,0,0,0,0,0,1,0.2,0,0,1,1,100,52353.58,19587.69,1,1,0
V2V0628,Sehore,India,Manufacturing,1,0,0,0,0,4.7,1,0,0,0,0,0,1,0,0,0.5,0,1,0,0,77.5,19751.7,4909.96,1,1,0
V2V0629,Sehore,India,Manufacturing,0,0,0,0,0,5.3,2,1,0,0,0,0,0,0,0,0,0,1,0,1,86.2,29861.12,688.34,1,1,0
V2V0631,Sehore,India,Other Services,0,0,0,1,0,4.5,1,0,0,0,1,1,1,0,1,0.7,0,0,0,0,86.4,52308.17,1490.73,1,1,0
V2V0632,Sehore,India,Retail,0,0,0,0,0,4.2,2,0,0,1,0,1,1,0,0,0.5,0,1,0,1,100,27431.04,1198.22,1,1,0
V2V0633,Sehore,India,Retail,0,0,0,1,0,5.5,2,0,0,0,1,0,1,0,1,0.7,0,0,1,1,98.2,22484.6,4143.9,1,1,0
V2V0636,Sehore,India,Retail,0,0,1,1,0,4.6,2,0,0,0,1,1,1,0,1,0.7,0,1,0,0,77.8,65150.82,5853.53,1,1,0
V2V0638,Sehore,India,Other Services,0,0,0,1,0,4.2,1,0,0,0,0,0,1,0,1,0.7,0,0,0,1,82.5,13014.63,656.6,1,1,0
V2V0639,Sehore,India,Retail,0,0,0,0,0,4.9,1,0,0,0,1,0,1,0,1,0.7,1,0,0,0,99,36357.93,4149.94,1,1,0
V2V0640,Sehore,India,Manufacturing,0,0,0,1,0,5.2,2,0,0,0,0,0,0,0,1,0.2,0,1,0,1,80.5,64096.55,13894.6,1,1,0
V2V0641,Sehore,India,Retail,0,0,0,1,0,4.7,1,0,0,0,0,1,0,0,1,0.2,0,1,1,1,98.5,41209.07,4126.24,1,1,0
V2V0642,Sehore,India,Other Services,0,0,0,1,0,5.1,1,0,0,0,0,0,0,0,1,0.2,0,1,0,1,100,32926.93,4808,1,1,0
V2V0643,Sehore,India,Other Services,0,1,0,0,0,5.6,1,1,0,0,1,0,0,0,1,0.2,0,0,0,1,95.2,29852.27,1103.01,0,1,0
V2V0644,Sehore,India,Manufacturing,0,0,0,1,1,4.8,1,0,0,0,1,0,1,0,0,0.5,0,1,0,1,78.8,32844.79,4285.56,1,1,0
V2V0645,Sehore,India,Manufacturing,0,0,0,1,0,5.4,1,0,0,0,0,1,0,1,1,0.5,0,1,0,0,73.4,99059.27,3425.27,1,1,0
V2V0646,Sehore,India,Retail,0,0,0,0,0,6.6,2,0,0,0,1,1,1,0,0,0.5,1,0,0,0,92.2,42509.54,13735.9,1,1,0
V2V0647,Sehore,India,Retail,0,0,0,0,0,4,2,0,1,0,1,1,1,0,0,0.5,0,1,0,0,90,32258.02,2355.46,1,1,0
V2V0648,Sehore,India,Manufacturing,0,0,0,1,0,3.2,2,0,0,0,0,1,0,0,1,0.2,0,1,1,1,83.2,76208.06,4794.68,1,1,0
V2V0649,Sehore,India,Retail,1,0,0,1,0,4.1,1,0,1,0,1,0,0,0,1,0.2,0,0,1,1,100,20583.77,1138.26,1,1,0
V2V0651,Sehore,India,Retail,0,0,0,1,0,5.3,1,0,0,0,1,0,0,0,1,0.2,0,0,0,0,100,33020.27,5216.66,1,1,0
V2V0652,Sehore,India,Retail,0,0,1,0,0,4.5,1,0,0,0,1,1,0,0,1,0.2,0,0,0,1,66.6,17505.27,3052.01,1,1,0
V2V0653,Sehore,India,Manufacturing,1,0,0,0,0,4.4,1,0,0,0,0,0,0,0,0,0,1,0,0,1,94.7,71011.96,21931.83,1,1,0
V2V0655,Sehore,India,Other Services,0,0,0,0,0,4.7,1,0,0,0,1,1,0,1,1,0.5,1,1,0,1,83.2,8137.49,4515.24,1,1,0
V2V0656,Sehore,India,Manufacturing,0,0,0,1,0,4.2,2,1,0,0,0,0,1,0,1,0.7,0,1,1,0,79,49142.54,2243.42,1,1,0
V2V0657,Sehore,India,Retail,0,0,0,0,0,5,1,0,0,0,1,1,0,0,1,0.2,0,0,1,1,79.9,24108.16,3609.94,1,1,0
V2V0658,Sehore,India,Manufacturing,0,0,0,1,0,5,2,0,1,0,1,1,1,0,0,0.5,0,0,0,0,84.7,164787,42974.36,1,1,0
V2V0659,Sehore,India,Retail,0,0,0,0,1,5.2,3,1,0,0,1,0,0,0,1,0.2,0,1,0,1,72.8,17866.24,1341.43,1,1,0
V2V0660,Sehore,India,Retail,0,0,0,1,0,5.8,1,0,0,0,1,0,0,0,1,0.2,0,1,0,0,100,19560.79,1194.71,1,1,0
V2V0661,Sehore,India,Manufacturing,0,0,0,0,0,4.1,1,0,0,0,0,1,0,0,1,0.2,1,1,0,0,100,37483.42,7323.12,1,1,0
V2V0662,Sehore,India,Manufacturing,1,0,1,1,0,4.3,1,0,1,0,0,1,0,0,0,0,0,1,0,1,78.7,56945.22,2564.14,1,1,0
V2V0663,Sehore,India,Retail,0,0,0,1,1,4.1,3,0,0,0,0,1,0,0,0,0,0,1,0,1,100,54213.31,10251.96,1,1,0
V2V0664,Sehore,India,Other Services,0,0,0,0,0,5.3,3,0,0,0,1,1,0,0,0,0,0,1,0,1,85.4,40780.71,14870.55,1,1,0
V2V0665,Sehore,India,Other Services,1,0,0,1,0,4,1,0,0,0,0,0,1,0,0,0.5,1,1,0,1,79.8,25400.55,4601.74,1,1,0
V2V0666,Sehore,India,Manufacturing,0,0,0,1,0,5.1,1,0,0,0,1,1,1,0,1,0.7,0,0,0,1,88.8,38192.39,12394.13,1,1,0
V2V0667,Sehore,India,Retail,0,0,0,0,0,3.8,2,0,0,1,0,0,0,0,0,0,0,1,1,1,86.8,41046.48,3233.26,1,1,0
V2V0668,Sehore,India,Other Services,0,0,0,1,0,5.6,1,0,0,0,1,0,0,0,0,0,0,1,0,0,75.5,13692.27,859.45,1,1,0
V2V0670,Sehore,India,Manufacturing,0,0,0,0,0,4.7,2,0,0,1,0,1,1,0,0,0.5,1,1,0,1,87.2,125784.36,15861.31,1,1,0
V2V0671,Sehore,India,Other Services,1,0,0,1,0,5.8,2,0,0,1,0,0,1,0,0,0.5,0,0,0,1,97.6,81083,7081.13,1,1,0
V2V0672,Sehore,India,Retail,0,0,0,1,0,5.5,2,0,0,0,0,0,0,0,1,0.2,0,1,0,1,88.5,24180.79,6501.22,1,1,0
V2V0673,Sehore,India,Retail,0,0,0,1,0,4.8,2,0,0,0,0,1,0,0,1,0.2,1,0,0,1,79.2,60717.69,36703.41,1,1,0
V2V0674,Sehore,India,Other Services,0,0,0,1,0,6.1,1,0,0,0,1,0,0,0,1,0.2,0,1,0,1,84.3,34993.19,525.66,1,1,0
V2V0675,Sehore,India,Other Services,0,0,0,1,0,4.7,2,0,0,0,1,0,0,0,1,0.2,1,1,0,1,100,46194.06,22509.13,1,1,0
V2V0676,Sehore,India,Other Services,0,0,0,0,0,6.1,2,0,0,0,1,0,0,0,0,0,0,1,0,1,82.1,47421.7,1845.92,1,1,0
V2V0677,Sehore,India,Retail,0,0,0,1,0,4.3,1,0,0,0,0,1,0,0,0,0,1,1,0,0,73.4,29683.84,8749.43,1,1,0
V2V0678,Sehore,India,Retail,1,0,0,0,0,3.8,2,0,0,0,0,0,1,0,1,0.7,0,1,0,0,92.1,34179.12,641.75,1,1,0
V2V0680,Sehore,India,Other Services,0,0,0,1,0,5.6,1,0,0,1,1,1,1,0,1,0.7,0,0,0,1,74.4,25019.93,7077.97,1,1,0
V2V0681,Sehore,India,Retail,1,0,0,0,0,3.8,1,0,1,0,1,0,1,0,0,0.5,1,0,1,1,83.6,25128.23,8979.36,1,1,0
V2V0682,Sehore,India,Other Services,0,0,0,1,0,4.7,1,0,0,0,1,0,1,0,1,0.7,1,0,0,1,96.6,39570.63,15521.65,1,1,0
V2V0683,Sehore,India,Other Services,0,1,0,1,0,4.8,3,0,0,0,0,0,0,0,0,0,1,1,0,0,92.1,23671.93,1692.32,1,1,0
V2V0685,Sehore,India,Retail,0,0,0,1,0,4.2,2,0,0,0,0,1,0,0,1,0.2,0,1,0,1,88,13250.07,1651.8,1,1,0
V2V0686,Sehore,India,Retail,0,0,0,1,0,4.4,1,1,0,0,0,0,0,0,1,0.2,1,0,0,0,100,45577.87,8300.87,0,1,0
V2V0687,Sehore,India,Retail,0,0,0,1,1,5.9,2,0,0,0,0,1,1,0,1,0.7,1,1,0,1,60.1,31905.89,4367.01,1,1,0
V2V0688,Sehore,India,Manufacturing,0,0,0,1,0,5.3,1,0,0,0,1,1,1,0,1,0.7,0,0,1,1,72.7,25837.99,2013.9,1,1,0
V2V0689,Sehore,India,Retail,1,0,0,1,0,6,1,0,0,0,0,1,1,0,1,0.7,0,0,0,1,100,30387.74,833.22,1,1,0
V2V0690,Sehore,India,Retail,1,0,0,1,0,4.4,2,0,0,0,1,0,1,0,0,0.5,0,0,0,1,87.8,20140.86,1467.01,1,1,0
V2V0691,Sehore,India,Manufacturing,0,0,0,1,0,4.2,1,1,0,0,0,1,0,0,0,0,1,1,1,1,89.1,49556.94,25267.21,1,1,0
V2V0692,Sehore,India,Manufacturing,0,0,0,0,0,5.7,2,0,0,0,1,1,0,0,1,0.2,0,0,0,1,100,57699.76,4333.29,1,1,0
V2V0693,Sehore,India,Retail,0,0,0,1,0,4.8,1,0,0,0,0,0,0,0,0,0,0,0,1,0,80.3,50888.28,2503.95,1,1,0
V2V0694,Sehore,India,Other Services,0,0,0,1,0,4.9,1,0,0,1,0,1,0,0,0,0,1,1,0,1,87.9,42458.74,5860.02,1,1,0
V2V0695,Sehore,India,Retail,0,0,0,1,0,4.8,2,0,0,0,1,1,0,0,1,0.2,0,1,0,1,73.7,44207.28,2677.9,1,1,0
V2V0697,Sehore,India,Other Services,0,0,0,0,0,5.5,1,0,0,0,0,0,1,0,1,0.7,1,1,0,0,70.2,44506.97,11582.43,1,1,0
V2V0698,Sehore,India,Manufacturing,0,0,1,1,0,3.2,1,0,0,0,0,1,0,1,0,0.3,0,1,0,1,100,33067.88,3373.8,1,1,0
V2V0699,Sehore,India,Retail,0,0,1,1,0,3.5,2,0,0,0,0,0,0,0,1,0.2,0,1,1,0,91.3,59383.14,740.79,1,1,0
V2V0700,Sehore,India,Manufacturing,0,0,0,0,0,4.1,2,0,0,0,0,0,1,0,1,0.7,0,0,0,1,97,49716.09,4666.08,1,1,0
V2V0701,Sehore,India,Manufacturing,0,0,1,1,0,4.5,1,0,0,0,0,1,1,0,0,0.5,0,1,0,0,81.7,36106.85,5612.66,1,1,0
V2V0702,Sehore,India,Retail,0,0,0,1,0,5.3,3,0,0,0,0,1,1,0,1,0.7,0,0,0,1,90.7,41462.18,319.87,1,1,0
V2V0704,Sehore,India,Retail,1,0,0,1,0,5.6,1,0,0,0,0,0,0,0,1,0.2,0,0,0,1,85.3,33925.09,1299.02,1,1,0
V2V0705,Sehore,India,Manufacturing,0,0,1,0,0,4.2,1,0,0,0,1,0,0,1,1,0.5,0,1,0,0,90,55601.71,8758.89,1,1,0
V2V0707,Sehore,India,Other Services,0,0,0,1,0,4.3,2,0,0,0,0,0,0,0,1,0.2,0,1,0,1,92,22423.71,8190.44,1,1,0
V2V0708,Sehore,India,Manufacturing,1,0,0,0,0,4.3,2,0,0,0,0,1,1,0,1,0.7,0,1,0,1,79.1,32279.08,1053.42,1,1,0
V2V0709,Sehore,India,Retail,0,0,1,1,0,5.1,1,0,0,0,1,0,0,0,0,0,0,0,0,1,100,101436.56,5448.47,1,1,0
V2V0710,Sehore,India,Manufacturing,0,0,0,1,0,4.4,1,0,0,0,1,1,1,0,0,0.5,1,1,1,0,100,19737.07,10691.22,1,1,0
V2V0711,Sehore,India,Other Services,0,0,0,0,0,4.3,1,0,0,0,0,0,1,0,1,0.7,0,1,0,0,85,12265.81,356.62,1,1,0
V2V0712,Sehore,India,Retail,0,0,0,1,0,5.2,2,0,0,0,1,0,1,1,1,1,1,1,1,1,79.9,70238.61,17936.5,1,0,0
V2V0713,Sehore,India,Other Services,0,0,0,1,0,5.5,2,0,0,0,0,0,1,0,0,0.5,0,1,0,1,100,37438.35,7957.67,1,1,0
V2V0714,Sehore,India,Retail,0,0,0,1,1,5,1,0,0,0,0,1,0,0,1,0.2,0,1,1,0,98.1,19803.8,4922.65,1,1,0
V2V0715,Sehore,India,Retail,0,0,1,0,0,4.8,2,0,0,0,1,1,0,1,1,0.5,0,1,0,1,96.3,87491.19,2438.16,1,1,0
V2V0716,Sehore,India,Retail,0,0,1,1,0,6.5,2,1,0,0,0,1,0,0,1,0.2,0,1,0,0,98.1,100025.54,1363.64,1,1,0
V2V0718,Sehore,India,Retail,0,0,1,1,0,4,1,0,0,1,1,1,1,0,0,0.5,0,1,0,1,94.4,39613.6,13109.6,1,1,0
V2V0719,Sehore,India,Other Services,0,0,0,0,0,4.5,1,1,0,0,0,0,1,0,1,0.7,0,0,0,1,100,22406.31,4406.32,1,1,0
V2V0720,Sehore,India,Other Services,1,0,0,1,0,4.3,2,0,0,0,1,1,1,0,1,0.7,0,0,0,1,85.6,39741.61,2346.59,1,1,0
V2V0721,Sehore,India,Other Services,1,0,0,0,0,4.8,1,0,0,0,0,0,1,0,0,0.5,0,0,0,1,100,11321.01,624.65,1,1,0
V2V0722,Sehore,India,Retail,0,0,0,1,0,4.1,2,0,0,0,0,1,0,0,0,0,0,1,0,1,83,66634.34,14482.42,1,1,0
V2V0723,Sehore,India,Other Services,1,0,0,0,0,5.1,2,1,0,0,1,1,1,0,0,0.5,0,1,0,1,100,15548.16,2148.9,1,1,0
V2V0724,Sehore,India,Retail,0,0,0,1,0,4.7,1,0,0,0,1,0,0,0,0,0,0,1,0,1,97.5,34244.24,7579.22,1,1,0
V2V0725,Sehore,India,Other Services,0,0,0,1,1,5.9,1,0,0,0,1,1,1,0,1,0.7,0,1,0,0,73.4,72986.87,16220.59,1,1,0
V2V0726,Sehore,India,Retail,1,0,0,1,0,4.6,2,0,0,0,1,1,1,0,1,0.7,1,1,0,1,100,82253.78,19306.99,1,1,0
V2V0728,Sehore,India,Retail,0,0,0,1,0,6.3,2,0,0,0,1,1,1,0,1,0.7,0,0,0,1,82.7,41778.56,3769.51,1,1,0
V2V0731,Sehore,India,Other Services,0,0,0,1,0,4.4,1,0,1,0,0,1,1,0,0,0.5,1,1,1,1,97.2,21559.8,1138.55,1,1,0
V2V0732,Sehore,India,Retail,0,0,0,1,0,6.6,2,0,1,0,0,0,1,0,0,0.5,0,0,0,1,96.7,45656.12,9829.15,1,1,0
V2V0734,Sehore,India,Other Services,0,0,1,1,0,4.3,1,0,0,0,1,1,1,0,1,0.7,0,0,0,1,88.1,26231.13,3134.83,1,1,0
V2V0736,Sehore,India,Retail,0,0,0,0,1,4.7,2,0,0,0,0,0,1,0,1,0.7,0,0,0,1,98.9,30339,9370.34,1,1,0
V2V0737,Sehore,India,Manufacturing,1,0,0,1,0,5.9,3,0,0,0,1,1,0,0,1,0.2,0,0,1,0,100,39247.34,5367.87,1,1,0
V2V0739,Sehore,India,Retail,0,0,0,1,0,4.9,2,0,0,1,1,0,1,0,1,0.7,0,0,0,1,99.6,182687.66,2318.93,1,1,0
V2V0740,Sehore,India,Retail,0,0,0,1,0,5.7,1,0,0,0,0,0,1,0,0,0.5,0,1,0,1,93.5,52267.45,356.87,1,1,0
V2V0742,Sehore,India,Other Services,0,0,0,0,0,3.3,1,1,0,0,1,0,1,0,1,0.7,0,1,0,1,100,134804.87,8772.53,0,1,0
V2V0743,Sehore,India,Retail,0,0,1,1,0,5,1,0,0,0,1,1,0,1,0,0.3,0,1,1,0,83.5,52549.88,2260.21,1,1,0
V2V0744,Sehore,India,Retail,0,0,0,1,0,5.3,1,1,0,0,1,1,1,0,0,0.5,0,0,0,1,66.2,18408.77,1730.84,1,1,0
V2V0745,Sehore,India,Retail,0,0,1,1,0,5.2,1,0,0,0,0,0,1,0,1,0.7,0,0,0,1,84.6,16231.35,3262.64,1,1,0
V2V0747,Sehore,India,Other Services,0,0,1,1,0,5.1,1,0,0,0,0,1,0,0,1,0.2,1,0,0,1,75.1,38082.44,12752.26,1,1,0
V2V0748,Sehore,India,Other Services,0,0,0,1,0,4.3,1,0,0,0,1,1,0,1,0,0.3,1,1,1,1,96.1,54115.93,14410.11,1,1,0
V2V0749,Sehore,India,Manufacturing,1,0,0,1,0,5.6,3,0,0,0,1,1,0,1,0,0.3,0,1,0,1,92.4,99224.55,7021.73,1,1,0
V2V0750,Sehore,India,Other Services,0,0,1,1,0,4.6,2,0,0,0,1,1,0,0,1,0.2,0,1,1,1,81.3,122537.98,8519.74,1,1,0
V2V0751,Surat,India,Retail,0,0,0,1,0,4.3,2,1,0,0,1,1,0,0,0,0,0,0,1,0,42.5,63224.11,371.82,1,1,0
V2V0752,Surat,India,Retail,1,0,0,1,0,3,2,0,0,0,1,0,0,0,1,0.2,0,0,0,1,28.7,69515.73,8200.99,1,1,1
V2V0754,Surat,India,Retail,0,0,0,1,0,4.8,1,0,0,1,0,1,1,0,0,0.5,0,0,0,1,55.1,35841,3282.4,1,1,0
V2V0755,Surat,India,Other Services,0,0,0,0,0,3.9,1,0,0,1,0,1,1,0,0,0.5,0,0,0,0,44.7,8000,3843.16,1,1,0
V2V0756,Surat,India,Retail,1,0,0,1,0,4.5,2,1,1,0,0,0,0,0,0,0,0,0,0,0,51.7,84664.8,3168.15,0,1,0
V2V0757,Surat,India,Other Services,0,1,0,1,0,3.6,3,1,1,0,0,0,0,0,0,0,0,1,0,1,47.6,112801.97,12132.7,0,1,0
V2V0759,Surat,India,Other Services,0,0,0,1,0,4.9,1,0,0,1,0,0,1,0,0,0.5,1,0,0,1,36.7,50804.43,16235.22,1,1,1
V2V0760,Surat,India,Other Services,0,0,1,1,0,4.9,1,0,1,0,1,0,1,0,1,0.7,0,1,0,1,30,60096.91,11887.71,1,1,1
V2V0761,Surat,India,Other Services,0,0,0,1,0,4.6,2,1,1,1,0,0,0,0,1,0.2,0,0,0,0,24.6,61955.04,14812.42,0,1,1
V2V0762,Surat,India,Manufacturing,0,0,1,1,0,3.9,1,0,0,1,0,0,0,0,1,0.2,0,1,0,0,58,106513.33,8469.23,1,1,0
V2V0763,Surat,India,Manufacturing,0,0,0,1,0,4.5,1,0,0,0,1,0,0,0,0,0,1,0,0,0,21.5,90687.59,28390.6,1,1,1
V2V0764,Surat,India,Retail,0,0,0,1,0,4.7,2,1,0,1,0,1,0,0,1,0.2,1,0,0,0,8.8,168879.65,62492.64,1,1,1
V2V0765,Surat,India,Retail,0,0,0,1,0,5.1,1,0,1,0,0,1,0,0,0,0,0,0,0,0,51.2,36007.44,3947.37,1,1,0
V2V0766,Surat,India,Other Services,0,0,0,1,0,3.1,2,1,0,0,0,1,0,0,1,0.2,0,0,0,1,61,41853.3,3183.97,1,1,0
V2V0768,Surat,India,Other Services,0,0,0,0,0,4.3,1,1,1,1,1,0,1,0,0,0.5,0,0,0,1,45.2,62965.35,2173.18,0,1,0
V2V0770,Surat,India,Other Services,0,0,1,1,0,3.9,1,0,0,1,0,0,0,0,1,0.2,1,1,0,0,28.7,73463.81,32270.04,1,1,1
V2V0771,Surat,India,Other Services,0,0,1,1,1,2.3,2,0,1,0,0,0,0,0,0,0,0,1,0,1,7.3,79072.77,8144.53,1,1,1
V2V0772,Surat,India,Retail,1,0,0,0,0,4.9,3,1,0,0,1,1,0,0,0,0,1,0,0,0,51.6,123021.44,23227.65,0,1,0
V2V0773,Surat,India,Retail,0,0,0,1,1,4.8,2,1,0,0,0,1,1,0,0,0.5,0,1,0,0,63,33191.97,1280.39,1,1,0
V2V0774,Surat,India,Other Services,0,0,0,1,1,5.4,1,0,0,1,0,1,1,0,0,0.5,1,1,0,0,10.8,42457.2,10259.39,1,1,1
V2V0775,Surat,India,Retail,0,1,0,1,0,4.5,2,1,0,0,0,0,1,0,1,0.7,1,0,0,0,28.5,48805.43,10790.03,1,1,1
V2V0776,Surat,India,Manufacturing,0,0,0,0,0,3.9,2,0,0,0,1,1,0,0,0,0,1,0,0,0,33.5,131840.59,26001.44,1,1,1
V2V0777,Surat,India,Other Services,0,0,0,1,0,4.3,1,1,1,1,0,0,1,0,0,0.5,0,0,0,1,61.4,60853.8,1032.08,0,1,0
V2V0778,Surat,India,Manufacturing,0,0,1,1,0,3.2,1,0,0,0,1,0,0,0,0,0,1,0,0,1,30.2,42063.48,1556.17,1,1,1
V2V0780,Surat,India,Other Services,0,0,0,1,0,4.2,2,1,0,0,0,0,0,0,0,0,0,0,0,0,36.6,103935.11,19956.27,1,1,1
V2V0781,Surat,India,Retail,0,0,0,1,0,4.3,1,1,1,1,0,0,0,0,0,0,0,0,0,1,26.5,41415.4,11551.3,0,1,1
V2V0784,Surat,India,Other Services,0,0,0,0,0,4.4,1,1,0,1,1,1,0,0,1,0.2,0,0,0,1,44.6,22680.34,5745.34,0,1,0
V2V0786,Surat,India,Retail,0,0,0,1,0,3.9,1,1,0,1,0,1,0,0,0,0,0,0,0,1,33.2,27040.55,5345.17,1,1,1
V2V0789,Surat,India,Other Services,0,0,0,0,0,5,1,1,0,1,1,0,0,0,1,0.2,0,0,0,1,50.7,34435.02,1983.46,1,1,0
V2V0790,Surat,India,Manufacturing,0,1,1,1,0,4,1,1,0,0,0,0,1,0,0,0.5,1,0,0,1,34.8,97819.35,16386.67,0,1,1
V2V0791,Surat,India,Retail,0,1,1,1,0,4.8,2,0,0,0,1,0,1,0,1,0.7,0,0,0,0,24.7,85186.44,6326.15,1,1,1
V2V0793,Surat,India,Retail,0,1,0,0,0,5.7,2,0,1,0,0,0,1,0,0,0.5,0,0,0,0,36.2,150706.35,3306.94,1,1,1
V2V0794,Surat,India,Manufacturing,0,1,1,1,0,4.3,1,0,0,1,1,1,1,0,0,0.5,1,1,0,0,40.8,84907.92,28547.71,1,1,0
V2V0795,Surat,India,Other Services,0,1,0,1,0,4.9,2,0,0,1,0,0,1,0,1,0.7,1,0,0,0,29.4,40760.43,9326.7,1,1,1
V2V0796,Surat,India,Other Services,0,0,0,1,0,3.9,1,0,1,1,0,0,1,0,1,0.7,0,1,0,0,44.2,46889.39,611.4,1,1,0
V2V0798,Surat,India,Other Services,0,0,0,1,0,4,1,0,0,0,0,1,1,0,0,0.5,1,0,0,0,53.3,28096.15,7158.17,1,1,0
V2V0799,Surat,India,Manufacturing,0,1,1,0,0,4.1,3,1,1,1,1,0,1,1,1,1,1,1,0,0,36.5,64226.01,20012.85,0,0,1
V2V0800,Surat,India,Retail,0,1,1,1,0,5.1,1,1,1,0,1,1,1,0,1,0.7,1,1,0,0,40.4,19372.48,1889.12,0,1,0
V2V0801,Surat,India,Retail,0,0,0,1,0,4.5,1,0,0,1,0,0,1,0,0,0.5,0,0,1,1,31.7,58208.61,5168.74,1,1,1
V2V0803,Surat,India,Manufacturing,0,0,1,1,0,2.8,1,0,1,0,1,0,0,0,0,0,1,1,0,0,41.5,105903.71,27274.27,1,1,0
V2V0804,Surat,India,Manufacturing,0,1,1,1,1,4.5,2,1,0,1,0,1,0,0,0,0,0,0,0,1,31.9,60123.37,3155.95,1,1,1
V2V0805,Surat,India,Manufacturing,0,0,0,0,0,4.8,2,0,0,0,0,0,1,0,0,0.5,1,0,0,0,50.4,77689.05,32539.54,1,1,0
V2V0806,Surat,India,Manufacturing,0,0,0,1,0,3,2,1,0,0,0,1,1,0,0,0.5,0,0,0,0,45,92433.71,4163.45,1,1,0
V2V0807,Surat,India,Retail,0,0,0,1,1,4.1,2,0,0,1,0,0,0,0,0,0,1,1,0,0,27.5,38424.09,4525.87,1,1,1
V2V0808,Surat,India,Manufacturing,0,0,0,1,0,3.4,2,0,0,0,0,0,0,0,0,0,0,0,0,1,25.6,106499.95,15831.23,1,1,1
V2V0809,Surat,India,Retail,0,0,0,1,0,5.8,1,0,0,0,1,0,1,1,1,1,1,0,0,0,31.9,164814.03,25820.54,1,0,1
V2V0810,Surat,India,Other Services,0,1,0,1,1,2.8,3,1,0,1,0,1,0,0,0,0,1,0,0,0,28.1,69522.68,15328.17,1,1,1
V2V0811,Surat,India,Manufacturing,0,0,1,0,0,5.1,1,0,0,0,0,0,0,0,1,0.2,1,0,0,0,7.5,77507.98,18436.08,1,1,1
V2V0812,Surat,India,Retail,0,0,0,1,0,3.7,1,0,1,1,0,0,0,0,1,0.2,0,0,0,0,36.5,57507.15,3170.96,1,1,1
V2V0813,Surat,India,Manufacturing,0,0,1,1,0,4.2,2,0,0,0,0,0,0,0,0,0,0,0,0,0,28.4,110941.64,16652.5,1,1,1
V2V0814,Surat,India,Retail,0,0,0,0,0,3.2,1,1,0,0,1,0,0,1,1,0.5,0,0,0,0,46.3,54564.58,2132.09,1,1,0
V2V0815,Surat,India,Manufacturing,0,0,1,0,0,3.3,1,0,0,0,0,1,0,0,0,0,0,0,0,0,33.4,92441.31,1665.19,1,1,1
V2V0816,Surat,India,Other Services,0,0,0,1,0,4.2,1,0,1,1,0,0,1,0,0,0.5,0,1,0,0,28.1,8954.02,515.07,1,1,1
V2V0817,Surat,India,Manufacturing,0,0,0,1,0,3.1,1,1,0,0,0,0,1,0,0,0.5,1,0,0,0,50.8,119937.17,20765.59,1,1,0
V2V0818,Surat,India,Manufacturing,0,0,0,1,0,4.8,2,1,0,0,0,1,1,0,1,0.7,0,0,0,0,46.7,109393.35,5033.9,0,1,0
V2V0819,Surat,India,Retail,0,0,0,1,0,3.9,3,0,1,0,1,0,1,0,0,0.5,1,1,0,0,54.8,142154.32,55006.77,1,1,0
V2V0821,Surat,India,Manufacturing,0,0,0,1,0,3.3,2,0,0,0,0,0,0,0,0,0,0,1,0,0,24.7,46903.38,3708.94,1,1,1
V2V0822,Surat,India,Manufacturing,0,0,0,1,0,4.2,2,1,1,1,0,1,0,0,0,0,0,0,1,1,8.3,157402.77,9171.07,0,1,1
V2V0823,Surat,India,Manufacturing,0,0,0,1,0,3.7,1,1,0,0,0,0,1,0,0,0.5,1,0,0,0,60,42628.23,8307.35,1,1,0
V2V0824,Surat,India,Retail,0,0,0,1,1,4.2,2,1,0,0,0,0,0,0,1,0.2,1,0,1,1,26.4,37785.73,18226.39,1,1,1
V2V0825,Surat,India,Manufacturing,0,1,0,1,0,4.9,2,0,0,0,0,1,1,0,0,0.5,1,0,0,0,40.5,69453.13,19823.83,1,1,0
V2V0826,Surat,India,Other Services,0,0,0,1,0,3.9,2,1,1,1,0,1,1,0,1,0.7,0,0,0,0,50,56570.48,9255.86,0,1,0
V2V0828,Surat,India,Manufacturing,0,0,0,1,0,3.7,1,1,0,0,1,1,1,1,0,0.8,0,0,0,0,47.5,34705.67,5454.13,1,0,0
V2V0829,Surat,India,Retail,0,1,0,1,0,4.2,3,1,0,1,0,1,1,0,0,0.5,0,0,0,0,45.9,123182.03,23394.08,0,1,0
V2V0830,Surat,India,Other Services,0,0,0,1,0,3.9,2,1,0,0,0,1,1,0,0,0.5,1,0,0,0,53.8,41833.05,25366.57,0,1,0
V2V0831,Surat,India,Manufacturing,0,0,1,1,0,3.8,2,1,1,0,1,1,1,0,1,0.7,1,1,0,1,17.8,140134.23,5832.82,0,1,1
V2V0832,Surat,India,Other Services,0,0,0,1,0,3.2,1,1,0,0,0,0,0,0,1,0.2,1,0,0,0,45.4,82293.75,53811.12,1,1,0
V2V0833,Surat,India,Other Services,0,0,0,1,0,3.5,3,1,0,1,0,0,0,0,0,0,1,0,0,0,68.2,59145.96,10341.04,1,1,0
V2V0834,Surat,India,Other Services,0,0,0,0,0,3.7,1,1,1,1,1,1,1,0,0,0.5,0,0,1,1,41.2,71676.42,3411.05,0,1,0
V2V0835,Surat,India,Manufacturing,1,0,0,1,0,3.5,2,0,1,1,1,1,1,0,0,0.5,0,0,0,0,49.4,151465.91,8606.16,1,1,0
V2V0837,Surat,India,Other Services,0,0,0,0,0,3.9,1,0,0,0,0,0,1,0,0,0.5,0,0,0,0,32,35237.04,876.45,1,1,1
V2V0838,Surat,India,Other Services,0,0,0,0,0,4.2,2,1,0,1,0,0,1,1,1,1,0,0,0,0,32.8,65981.92,2773.15,1,0,1
V2V0839,Surat,India,Manufacturing,0,1,1,1,0,4,1,0,0,0,0,1,1,1,1,1,1,1,0,0,37.1,48421.51,12564.63,1,0,1
V2V0840,Surat,India,Manufacturing,1,0,0,1,0,3.9,2,1,0,1,0,0,1,0,1,0.7,0,1,0,0,56.9,55843.18,5948.94,0,1,0
V2V0841,Surat,India,Other Services,0,0,0,1,0,4.9,2,1,0,0,0,0,1,0,0,0.5,1,0,0,0,43.5,36463.89,15566.19,1,1,0
V2V0842,Surat,India,Retail,0,0,0,1,0,3.4,1,1,0,0,0,1,0,0,0,0,0,0,0,0,36.5,31698.8,2106.95,0,1,1
V2V0843,Surat,India,Retail,1,0,0,1,0,4.6,2,0,0,1,0,1,0,0,1,0.2,1,0,0,0,16.3,143076.39,24446.21,1,1,1
V2V0845,Surat,India,Retail,0,0,0,1,1,4.9,2,1,0,0,0,1,0,0,0,0,1,0,0,0,44,30613.17,5927.79,1,1,0
V2V0846,Surat,India,Retail,1,0,0,0,0,5.6,1,0,0,0,1,0,0,0,0,0,0,0,0,0,40.5,64683.14,2962.39,1,1,0
V2V0847,Surat,India,Retail,0,0,0,1,0,3.8,2,1,1,0,1,1,1,0,1,0.7,0,1,0,1,40.8,29146.77,4887.53,0,1,0
V2V0848,Surat,India,Other Services,0,0,0,1,0,3.5,2,1,0,0,0,1,0,0,1,0.2,0,1,0,1,32.8,71513.37,14883.77,1,1,1
V2V0849,Surat,India,Manufacturing,0,0,0,1,0,5.2,1,1,0,0,1,0,0,0,1,0.2,0,1,0,1,36.5,71018.29,20224.5,1,1,1
V2V0850,Surat,India,Retail,0,0,0,1,0,4.9,2,0,0,0,0,1,1,0,1,0.7,1,0,0,0,31.6,102957.57,22662.37,1,1,1
V2V0851,Surat,India,Manufacturing,0,0,0,1,0,5.3,2,0,1,1,0,1,0,0,0,0,1,0,0,0,44.9,51668.65,20178.85,1,1,0
V2V0855,Surat,India,Manufacturing,0,0,0,1,0,5.1,1,0,0,0,0,1,0,0,0,0,1,0,0,1,48.6,68588.47,24599.22,1,1,0
V2V0857,Surat,India,Retail,0,0,0,1,0,5.2,2,1,0,0,1,1,0,0,1,0.2,1,0,0,0,38.9,63355.83,12780.32,1,1,1
V2V0859,Surat,India,Other Services,0,0,0,1,0,3.9,2,1,0,1,0,0,1,0,0,0.5,1,0,0,1,33.7,43789.55,16934.72,1,1,1
V2V0862,Surat,India,Retail,0,0,0,1,0,4.5,2,1,0,1,0,0,0,0,0,0,1,0,0,1,48,41142.98,8958.93,0,1,0
V2V0863,Surat,India,Manufacturing,0,0,0,1,0,3.1,3,0,0,0,1,0,0,0,1,0.2,0,1,0,1,52.9,50692.62,5394.59,1,1,0
V2V0864,Surat,India,Manufacturing,1,0,0,1,0,3.9,1,0,0,0,0,1,1,0,0,0.5,0,0,0,0,46,33777.3,907.09,1,1,0
V2V0865,Surat,India,Other Services,0,1,0,1,0,4.6,2,0,1,1,0,1,1,0,0,0.5,1,1,0,0,31.9,45863.36,9636.23,1,1,1
V2V0866,Surat,India,Retail,0,0,0,1,0,4.4,3,1,0,0,1,0,1,0,0,0.5,0,0,0,0,49.2,49012.92,1862.97,1,1,0
V2V0867,Surat,India,Manufacturing,0,0,0,1,0,3.8,1,1,0,1,1,0,1,0,1,0.7,0,0,0,1,56.2,29735.65,1465,0,1,0
V2V0868,Surat,India,Other Services,0,0,0,1,0,3.8,3,1,0,0,0,1,1,0,0,0.5,0,0,0,1,44.5,28152.79,198.48,1,1,0
V2V0869,Surat,India,Manufacturing,0,0,1,1,0,4.5,2,0,0,0,1,0,0,0,1,0.2,1,0,0,1,17.1,34876.13,10934.98,1,1,1
V2V0870,Surat,India,Manufacturing,0,0,0,1,0,3.4,2,1,1,0,1,0,0,0,0,0,1,0,0,0,45.3,279940.97,94621.33,0,1,0
V2V0871,Surat,India,Retail,0,0,0,1,0,5.5,3,1,0,0,0,1,1,0,1,0.7,1,1,0,1,30.8,144113.22,73078.77,1,1,1
V2V0872,Surat,India,Other Services,0,1,1,1,0,4.1,3,0,0,1,0,0,0,0,0,0,0,1,0,0,16.9,72245.06,8283.97,1,1,1
V2V0873,Surat,India,Other Services,0,1,1,1,0,4.1,2,1,0,0,1,0,1,0,0,0.5,0,0,0,0,24.8,71225.03,1776.84,1,1,1
V2V0874,Surat,India,Manufacturing,0,1,0,0,0,2.5,1,1,0,1,1,1,1,0,1,0.7,1,0,0,1,36.5,91838.98,19710.24,1,1,1
V2V0875,Varanasi,India,Other Services,0,0,1,1,0,5.1,2,0,0,0,0,0,0,0,1,0.2,1,0,0,0,19.8,25671.88,11659.89,1,1,1
V2V0876,Varanasi,India,Retail,0,0,1,1,0,5.6,2,1,0,0,0,0,0,0,0,0,0,0,0,0,52.5,256871.41,38368.95,1,1,0
V2V0879,Varanasi,India,Other Services,0,0,1,1,0,5.3,3,0,0,0,0,0,0,0,1,0.2,1,0,0,0,11.3,34340.33,2674.89,1,1,1
V2V0880,Varanasi,India,Retail,0,1,0,0,0,6.4,1,0,0,0,0,0,0,1,1,0.5,0,0,0,0,36.7,24623.33,240.93,1,1,1
V2V0881,Varanasi,India,Retail,0,0,1,0,0,5.5,2,0,0,0,0,1,0,0,1,0.2,1,0,0,0,47.6,49838.28,9474.7,1,1,0
V2V0882,Varanasi,India,Retail,0,0,0,1,0,4.5,2,1,0,0,0,0,0,0,0,0,1,0,0,0,33.1,150560.35,58118.07,1,1,1
V2V0883,Varanasi,India,Manufacturing,0,0,0,0,0,4.1,2,1,0,0,0,0,0,0,0,0,1,0,0,0,37.2,50636.4,24080.65,0,1,1
V2V0887,Varanasi,India,Retail,0,0,1,0,0,5.2,2,0,0,0,0,0,0,0,0,0,0,0,0,0,19.1,27734.7,1066.36,1,1,1
V2V0888,Varanasi,India,Other Services,0,0,0,1,0,4.6,2,1,0,0,0,0,0,0,1,0.2,1,0,0,0,30.1,51236.17,12435.62,0,1,1
V2V0892,Varanasi,India,Other Services,1,0,0,1,0,5.4,2,1,0,0,0,0,0,0,1,0.2,1,0,0,0,25,16989.87,2585.6,1,1,1
V2V0893,Varanasi,India,Manufacturing,1,0,1,0,0,4.1,1,0,0,0,0,1,0,0,0,0,1,0,0,0,16,23746.8,5056.8,1,1,1
V2V0894,Varanasi,India,Retail,0,1,1,1,0,6.4,1,0,0,0,0,0,0,0,1,0.2,0,0,0,0,8,39640.23,5510.17,1,1,1
V2V0895,Varanasi,India,Retail,0,0,1,1,0,4.5,1,0,0,0,0,0,0,0,1,0.2,0,1,0,0,7.4,29883.26,6411.22,1,1,1
V2V0896,Varanasi,India,Other Services,0,0,0,1,0,3.9,2,0,0,0,0,0,0,0,1,0.2,0,0,0,0,50.4,80387.23,7274.32,1,1,0
V2V0897,Varanasi,India,Retail,0,0,1,1,0,5.2,1,0,0,0,0,0,0,0,1,0.2,0,0,0,0,42.4,48975.48,4282.11,1,1,0
V2V0898,Varanasi,India,Other Services,0,0,0,1,0,6.2,2,0,0,0,0,0,0,0,1,0.2,0,0,0,0,16.9,57114.85,9726.19,1,1,1
V2V0899,Varanasi,India,Other Services,0,0,0,1,0,3.8,3,0,0,0,0,0,0,0,0,0,0,1,0,0,24.7,206908.93,15060.86,1,1,1
V2V0900,Varanasi,India,Retail,0,0,0,1,0,4.9,3,1,0,0,0,0,0,1,0,0.3,1,1,0,0,19.3,171562.95,68693.17,1,1,1
V2V0902,Varanasi,India,Manufacturing,1,0,1,1,0,4.2,2,0,0,0,0,0,0,0,0,0,0,0,0,0,39.7,49911.31,479.12,1,1,1
V2V0903,Varanasi,India,Other Services,1,0,1,1,0,5.5,2,1,0,0,0,0,0,0,0,0,0,0,0,0,22.7,66593.04,1169.79,1,1,1
V2V0904,Varanasi,India,Retail,0,0,0,0,0,5.4,1,0,0,0,0,0,0,0,1,0.2,0,0,0,0,18.3,19095.96,3655.46,1,1,1
V2V0905,Varanasi,India,Retail,0,0,1,1,0,4.1,2,1,1,0,0,0,0,0,1,0.2,1,0,0,1,26.9,75775.61,24743.83,0,1,1
V2V0906,Varanasi,India,Retail,0,0,0,0,1,4.3,2,0,0,0,0,0,0,0,0,0,0,1,0,0,29.2,86985.11,6203.17,1,1,1
V2V0910,Varanasi,India,Other Services,0,0,1,1,1,5.4,2,0,0,0,0,0,0,0,1,0.2,1,0,0,0,9.7,98757.78,13952.25,1,1,1
V2V0911,Varanasi,India,Manufacturing,0,0,1,0,0,5.4,2,0,0,0,0,1,0,0,1,0.2,0,0,0,1,5.6,29269.05,1668.37,1,1,1
V2V0912,Varanasi,India,Manufacturing,0,0,0,1,0,4,1,0,0,0,1,0,0,0,0,0,0,0,0,0,12.4,85908.75,2054.59,1,1,1
V2V0913,Varanasi,India,Retail,0,0,1,1,0,3.3,2,0,0,0,1,0,0,0,1,0.2,0,0,1,0,15.1,37832.24,3929.28,1,1,1
V2V0915,Varanasi,India,Retail,0,0,1,1,0,4.8,2,0,0,0,0,0,0,0,0,0,1,0,0,0,37.6,18271.94,7433.45,1,1,1
V2V0917,Varanasi,India,Retail,0,0,1,1,0,6,1,1,0,0,0,0,1,0,0,0.5,1,1,0,0,15.5,83659.66,35396.31,1,1,1
V2V0919,Varanasi,India,Other Services,0,0,0,1,0,4.5,4,1,0,0,0,0,0,0,1,0.2,0,0,0,0,13.9,69164.39,26077.12,0,1,1
V2V0921,Varanasi,India,Retail,1,0,0,1,0,4.7,2,1,0,0,0,0,0,0,0,0,0,0,0,0,12.9,64672.88,8243.65,1,1,1
V2V0922,Varanasi,India,Other Services,0,0,0,0,0,6.9,2,1,0,0,0,0,0,0,1,0.2,0,1,0,0,21.3,197969.85,16845.87,1,1,1
V2V0923,Varanasi,India,Retail,0,0,1,1,0,3.7,1,0,0,0,0,0,0,0,0,0,0,1,0,0,24.5,46009.76,4757.81,1,1,1
V2V0925,Varanasi,India,Manufacturing,1,0,0,1,0,4.3,2,1,0,0,0,0,0,0,1,0.2,1,0,0,0,29.5,101623.5,31076.97,1,1,1
V2V0926,Varanasi,India,Retail,1,0,0,1,0,5,2,0,0,0,0,0,0,0,1,0.2,1,0,0,0,14.3,27571.58,10818.56,1,1,1
V2V0927,Varanasi,India,Manufacturing,0,0,0,1,0,4.5,3,1,0,0,0,0,0,0,0,0,0,0,0,0,46.9,47509.57,735.1,1,1,0
V2V0928,Varanasi,India,Other Services,0,0,1,1,0,4.8,1,1,0,0,0,0,0,0,1,0.2,1,0,0,1,23.5,28551.55,7739.77,1,1,1
V2V0931,Varanasi,India,Manufacturing,0,0,0,0,0,4.3,1,0,0,0,1,0,1,0,0,0.5,0,1,0,0,24.7,55490.61,1957.23,1,1,1
V2V0932,Varanasi,India,Retail,0,0,1,1,0,6.2,2,0,0,0,1,0,0,0,0,0,0,0,0,0,46.9,97768.84,20170.16,1,1,0
V2V0933,Varanasi,India,Retail,0,0,1,1,0,4.6,2,0,0,0,0,0,0,0,0,0,1,0,0,0,26.8,16660.77,5625.52,1,1,1
V2V0934,Varanasi,India,Other Services,0,0,1,1,0,5.1,2,0,0,0,0,0,0,0,1,0.2,0,0,0,0,14,26926.42,4034.02,1,1,1
V2V0935,Varanasi,India,Retail,0,0,1,1,0,5.3,2,0,0,0,0,0,0,0,0,0,0,0,0,0,9,9645.2,3750.77,1,1,1
V2V0936,Varanasi,India,Manufacturing,0,0,0,1,0,5.1,1,0,0,0,0,0,0,1,0,0.3,0,1,0,0,22.1,196564.36,25984.77,1,1,1
V2V0937,Varanasi,India,Retail,1,0,0,1,0,6.2,2,1,0,0,0,1,0,0,0,0,0,0,0,0,0,46074.54,9221.25,1,1,1
V2V0938,Varanasi,India,Retail,0,0,1,1,0,5.2,3,1,0,0,0,0,0,0,0,0,0,0,0,0,22,23532.16,1321.74,0,1,1
V2V0939,Varanasi,India,Other Services,0,0,1,0,0,4.2,2,0,0,0,0,0,0,1,1,0.5,0,0,0,0,20.7,54492.95,2148.41,1,1,1
V2V0940,Varanasi,India,Retail,0,0,0,0,0,4.4,2,0,0,0,0,1,0,0,1,0.2,1,0,0,0,35.3,47138.41,13350.85,1,1,1
V2V0943,Varanasi,India,Manufacturing,0,0,0,0,0,4.9,1,1,0,0,0,0,0,0,0,0,1,0,0,0,22.5,32373.91,6397.61,0,1,1
V2V0944,Varanasi,India,Other Services,0,0,0,1,0,5.3,3,0,0,0,0,0,0,0,0,0,1,0,0,0,22.2,57713.2,15840.83,1,1,1
V2V0945,Varanasi,India,Other Services,0,0,1,1,0,4.8,3,0,0,0,0,0,0,0,0,0,1,0,0,0,3.5,44147.38,19344.28,1,1,1
V2V0946,Varanasi,India,Manufacturing,1,0,0,1,0,6.5,1,1,0,0,0,1,0,0,1,0.2,1,0,0,0,23,98940.81,35416.45,1,1,1
V2V0947,Varanasi,India,Retail,0,0,1,1,0,6.4,1,0,0,0,0,0,0,0,1,0.2,1,0,0,0,47.9,39749.78,14270.09,1,1,0
V2V0948,Varanasi,India,Manufacturing,0,0,1,0,0,5.7,1,0,0,0,0,0,0,0,0,0,1,0,0,0,36.4,74530.32,23508.12,1,1,1
V2V0949,Varanasi,India,Other Services,0,0,0,0,0,4,1,0,0,0,0,1,0,0,0,0,1,0,0,0,25,55472.67,17883.42,1,1,1
V2V0950,Varanasi,India,Retail,0,0,1,1,0,3.5,2,0,0,0,0,0,0,0,1,0.2,0,1,0,1,37.6,53691.08,6239.03,1,1,1
V2V0951,Varanasi,India,Manufacturing,0,0,1,0,0,5.4,1,0,0,0,0,0,0,0,1,0.2,0,0,0,0,14.9,22352.63,2229.41,1,1,1
V2V0952,Varanasi,India,Other Services,1,0,1,0,0,4.6,2,0,0,0,0,0,0,0,0,0,1,0,0,0,0,46960.31,14061.72,1,1,1
V2V0957,Varanasi,India,Other Services,1,0,0,1,0,5.3,2,0,0,0,0,1,0,0,1,0.2,0,0,0,0,14.3,105878.77,5036.83,1,1,1
V2V0958,Varanasi,India,Retail,0,0,1,0,0,5.9,3,0,0,0,0,0,0,0,0,0,0,0,0,0,25.7,66752.25,12903.63,1,1,1
V2V0959,Varanasi,India,Manufacturing,1,0,0,1,0,4,2,0,0,0,0,1,0,0,0,0,1,1,0,0,36.3,49355.92,14097.02,1,1,1
V2V0960,Varanasi,India,Other Services,0,0,0,1,0,5,1,1,0,0,0,0,0,0,0,0,1,0,0,0,53.1,113850.6,38771.05,0,1,0
V2V0961,Varanasi,India,Manufacturing,1,0,1,1,0,7.8,1,0,0,0,0,0,0,0,0,0,0,0,0,0,30.3,71995.69,11967.27,1,1,1
V2V0962,Varanasi,India,Manufacturing,0,0,1,1,0,4.6,1,1,0,0,0,0,0,0,1,0.2,0,0,0,0,11.9,111006.28,32646.34,1,1,1
V2V0963,Varanasi,India,Retail,0,0,1,1,0,6.8,2,0,0,0,0,0,0,0,1,0.2,0,0,0,0,20.3,40725.38,11577.18,1,1,1
V2V0964,Varanasi,India,Other Services,0,0,1,1,0,3.7,2,1,0,0,0,0,0,0,0,0,0,0,0,0,16.9,17648.29,2486.26,1,1,1
V2V0965,Varanasi,India,Retail,0,0,0,1,0,4.9,1,0,0,0,0,0,0,0,1,0.2,0,0,0,0,21,35670.02,982.19,1,1,1
V2V0966,Varanasi,India,Other Services,0,0,0,1,0,4.1,2,1,0,0,0,0,0,0,0,0,0,0,0,0,42,17718.01,644.38,1,1,0
V2V0967,Varanasi,India,Manufacturing,0,0,0,1,0,4.9,1,0,0,0,0,0,0,1,0,0.3,0,0,0,0,8.4,141431.24,9298.22,1,1,1
V2V0968,Varanasi,India,Manufacturing,0,0,1,1,0,5.3,1,0,0,0,1,1,0,0,0,0,0,1,0,0,38.3,38288.76,2278.91,1,1,1
V2V0969,Varanasi,India,Other Services,0,0,0,0,0,6,1,0,0,0,0,0,0,0,0,0,1,0,1,0,9.4,32011.78,5329.1,1,1,1
V2V0970,Varanasi,India,Other Services,0,0,1,1,0,5.3,2,1,0,0,0,0,1,0,0,0.5,0,0,0,0,25.4,57498.52,797.03,1,1,1
V2V0971,Varanasi,India,Retail,0,0,0,1,0,5.5,2,0,0,0,0,0,0,0,1,0.2,0,0,0,0,34.6,70250.57,7108.59,1,1,1
V2V0972,Varanasi,India,Retail,0,0,0,1,0,3.4,1,1,0,0,0,0,0,0,1,0.2,1,0,0,0,20.2,41455,16186.19,1,1,1
V2V0975,Varanasi,India,Manufacturing,0,0,1,1,0,4,2,0,0,0,0,0,1,0,1,0.7,1,1,0,0,0,57664.14,16479.2,1,1,1
V2V0976,Varanasi,India,Manufacturing,1,0,1,1,0,4.5,1,0,0,0,0,0,0,0,1,0.2,0,0,0,0,32.2,38197.35,5330.39,1,1,1
V2V0977,Varanasi,India,Other Services,0,0,1,1,1,5.2,3,0,0,0,0,0,1,0,1,0.7,0,0,0,0,22.8,31954.92,912.14,1,1,1
V2V0979,Varanasi,India,Retail,0,0,0,1,0,4.3,1,0,0,0,0,0,0,0,0,0,1,0,0,0,28.8,37360.98,11072.52,1,1,1
V2V0981,Varanasi,India,Other Services,0,0,0,1,0,4.7,2,0,0,0,0,1,0,1,1,0.5,1,0,0,0,15.6,46035.92,18606.02,1,1,1
V2V0983,Varanasi,India,Manufacturing,0,0,1,1,0,4.8,1,0,0,0,0,0,0,0,0,0,0,0,0,0,15.8,79382.11,16406.36,1,1,1
V2V0984,Varanasi,India,Other Services,0,0,0,1,0,5.4,1,1,0,0,0,0,0,1,1,0.5,1,0,0,0,28.4,27698.75,5647.1,0,1,1
V2V0985,Varanasi,India,Other Services,0,0,1,0,0,5.2,2,0,0,0,0,1,0,0,1,0.2,1,0,0,0,25.1,44276.93,5438.71,1,1,1
V2V0986,Varanasi,India,Retail,0,0,1,1,0,5.1,1,0,0,0,0,0,0,0,1,0.2,0,1,0,0,23.9,47770.72,13092.18,1,1,1
V2V0987,Varanasi,India,Manufacturing,0,0,1,1,0,3.8,2,0,0,0,0,0,1,0,0,0.5,0,0,0,0,23.5,53283.94,11761.43,1,1,1
V2V0988,Varanasi,India,Retail,0,0,0,1,0,3.5,1,0,0,0,0,0,0,0,1,0.2,1,1,0,0,9.4,56698.98,19565.48,1,1,1
V2V0989,Varanasi,India,Other Services,0,0,0,1,0,4.8,1,1,0,0,0,0,0,0,0,0,1,1,0,0,14.5,71193.2,11902.88,1,1,1
V2V0990,Varanasi,India,Retail,0,1,0,1,0,4.9,2,0,0,0,0,0,0,0,1,0.2,0,0,0,0,21.1,94317.97,10773.03,1,1,1
V2V0991,Varanasi,India,Other Services,0,0,0,1,0,3.9,1,0,0,0,0,0,0,0,1,0.2,0,0,0,0,38.9,38588.87,11047.61,1,1,1
V2V0992,Varanasi,India,Other Services,0,0,0,0,0,5.4,1,0,0,0,0,1,0,0,1,0.2,1,0,0,0,8.6,51340.33,10480.53,1,1,1
V2V0993,Varanasi,India,Other Services,0,0,1,1,0,5.1,2,0,0,0,0,0,0,0,1,0.2,0,1,0,0,19,38866.59,3783.9,1,1,1
V2V0994,Varanasi,India,Retail,0,0,0,1,0,5.5,3,1,0,0,0,0,0,0,0,0,1,0,0,0,21.8,33322.27,9762.78,1,1,1
V2V0995,Varanasi,India,Retail,0,0,1,1,0,3.7,3,0,0,0,0,1,0,0,0,0,1,0,0,0,17,65735.84,19994.92,1,1,1
V2V0996,Varanasi,India,Retail,0,0,1,1,0,5,2,0,0,0,0,0,0,0,1,0.2,1,0,0,0,30,73849.44,38649.87,1,1,1
V2V0997,Varanasi,India,Manufacturing,0,0,1,1,0,5.8,2,1,1,0,1,1,0,0,1,0.2,0,1,0,1,19.7,55907.54,15544.59,0,1,1
V2V0998,Varanasi,India,Other Services,0,0,0,0,0,3.9,2,0,0,0,0,0,0,0,1,0.2,0,0,0,0,21.1,110220.17,6799.75,1,1,1
