column,data_type,missing_values,missing_percentage,unique_values
business_id,object,0,0.0,798
city,object,0,0.0,8
country,object,0,0.0,1
sector,object,0,0.0,3
female_majority_owned,int64,0,0.0,2
migrant_owner,int64,0,0.0,2
previously_unemployed_owner,int64,0,0.0,2
primary_income_earner,int64,0,0.0,2
owner_has_contract_job,int64,0,0.0,2
household_size_proxy,float64,0,0.0,59
employee_count,int64,0,0.0,5
bank_account,int64,0,0.0,2
has_loan,int64,0,0.0,2
friends_family_finance,int64,0,0.0,2
sells_on_credit,int64,0,0.0,2
buys_on_credit,int64,0,0.0,2
mobile_money,int64,0,0.0,2
computer_or_tablet,int64,0,0.0,2
electricity,int64,0,0.0,2
digital_adoption_score,float64,0,0.0,7
profit_last_month,int64,0,0.0,2
household_based_business,int64,0,0.0,2
non_fixed_premises,int64,0,0.0,2
pl_statement,int64,0,0.0,2
management_score_proxy,float64,0,0.0,482
monthly_revenue_proxy_inr,float64,0,0.0,798
monthly_profit_proxy_inr,float64,0,0.0,798
finance_constraint,int64,0,0.0,2
customer_reach_constraint,int64,0,0.0,2
management_constraint,int64,0,0.0,2
data_origin,object,0,0.0,1
